Complexity,Loss,Equation
1,1.684209,"0.5200147"
3,1.2727566,"E_appl * E_appl"
5,0.18555185,"(E_appl * -0.805573) ^ 16.653873"
7,0.0005207452,"((E_appl * -0.6275481) ^ 16.920279) / v"
9,0.00019321732,"(((E_appl * -0.40680692) - -0.3556648) ^ 28.110624) / v"
11,2.020616e-5,"((((E_appl * E_appl) * 0.24743903) - -0.38833353) ^ 16.086954) / v"
13,1.6425682e-6,"(((((E_appl * 0.24865183) * E_appl) - -0.389134) ^ 16.086946) / v) / 1.0564427"
17,1.2987816e-7,"(((E_appl * (((E_appl * (E_appl + 0.8289207)) * -0.06994783) + -0.39086047)) - -0.2593624) ^ 17.772503) / v"
19,6.624999e-8,"((((E_appl * (((E_appl * (E_appl + 0.8289419)) * -0.06997461) + -0.39089665)) - -0.25928524) ^ 17.772505) / v) + 0.00029488732"
21,4.0402494e-8,"((E_appl * -6.801173e-6) + (((E_appl * ((((E_appl + 0.82887435) * E_appl) * -0.07005356) + -0.39068606)) - -0.25947893) ^ 17.772501)) / v"
23,2.6771303e-8,"((((E_appl * (-0.39082417 + ((-0.07002676 * (E_appl + 0.8289079)) * E_appl))) - -0.25932077) ^ 17.772503) + (E_appl * (7.686258e-6 * E_appl))) / v"
25,2.674803e-8,"(((((E_appl * -0.39082417) + (E_appl * ((E_appl * -0.07002676) * (E_appl + 0.8289079)))) - -0.25932077) ^ 17.772503) + ((E_appl * 7.686258e-6) * E_appl)) / v"
27,2.6647802e-8,"((((E_appl * -0.39082417) + (((E_appl * (E_appl * -0.07002676)) * (E_appl + 0.8289079)) - -0.25932077)) ^ 17.772503) + ((E_appl + v) * (7.686258e-6 * E_appl))) / v"
