Category [M€],Membrane,PSA,Amine
CO₂ elec. CAPEX,111.64758978305045,120.1469880078735,106.58695830536928
H₂ elec. CAPEX,91.56609535196401,88.7698749564577,88.84298635680668
Separation CAPEX,19.118190050081843,10.459772412293658,38.85573712179616
CO₂ elec. electricity,201.56916319816366,236.66165020535277,224.1960928640328
CO₂ elec. maintenance,31.696761706313332,34.1097416972184,30.260047932704577
H₂ elec. electricity,71.87991648691785,69.52186698985086,69.58356574570728
H₂ elec. maintenance,8.665207821588465,8.40059207327146,8.407510851185009
Separation OPEX,16.231446057385913,8.825425451666213,47.7119523448025
Feedstock (CO₂),17.973060623861198,19.95200245741217,16.594050082324383
Total,570.3474310793267,596.8479142513968,631.0389016047286
