sweep_param,sweep_label,display_value,Membrane_cost_eur_per_t,PSA_cost_eur_per_t,Amine_cost_eur_per_t
price_CO2_feed,CO₂ feed price [€/t CO₂],0.0,1499.565628389292,1593.936572590459,1640.0593933103492
price_CO2_feed,CO₂ feed price [€/t CO₂],22.0,1531.8184416785361,1631.3386001724741,1670.1148656790006
price_CO2_feed,CO₂ feed price [€/t CO₂],44.0,1564.0283613683316,1668.341505497835,1700.042824867513
price_power,Electricity price [€/kWh],0.04,1041.7304677247976,1090.13317671488,1152.582468684436
price_power,Electricity price [€/kWh],0.08,1531.818441676837,1631.3386000589237,1670.1148656790006
price_power,Electricity price [€/kWh],0.12,1992.7260138313713,2142.717989734789,2146.503481635759
base_cost_elec,CO₂ electrolyzer cost [€/m²],2335.0,1356.9414763315249,1450.5302111452206,1518.7776997582878
base_cost_elec,CO₂ electrolyzer cost [€/m²],4670.0,1531.8184416784675,1631.3386001568747,1670.114865679
base_cost_elec,CO₂ electrolyzer cost [€/m²],7005.0,1680.9452525940774,1789.2537355808554,1805.233600664096
