Error,time,CO2share,E_appl,v,X_tot,X_het,X_hom,FE,CO2_out,CO_out,H2_out,delP,CD,Vcell
0,64.91105,0.9441083,-1.183906,0.008886909,0.04804953,0.04351803,0.004531498,0.9256328,36.25695,0.828736,0.07972438,0.1440707,316.3237,3.709315
0,7.02138,0.626532,-0.640523,0.010977,0.000107321,3.54696e-05,7.18515e-05,0.937154,25.2727,0.000448254,6.00659e-05,0.144071,0.20267,2.72673
0,6.83427,0.291972,-0.738304,0.0176558,0.000116023,7.74226e-05,3.86008e-05,0.874258,11.7773,0.000455967,0.000131127,0.144071,0.355486,2.85342
0,7.22165,0.409648,-0.791939,0.0100239,0.000349751,0.000271503,7.82477e-05,0.906855,16.5202,0.00224342,0.000459982,0.144071,0.957397,2.95808
0,17.8433,0.917781,-1.08983,0.0196597,0.00662688,0.00623436,0.000392517,0.951954,36.7796,0.115413,0.0107644,0.144071,93.1955,3.50912
0,7.86372,0.473133,-0.852406,0.00916662,0.000742801,0.000645105,9.76966e-05,0.918056,19.0729,0.00615657,0.00109365,0.144071,2.37394,3.06548
0,6.79132,0.96828,-0.69722,0.0133908,0.000123424,6.02254e-05,6.31988e-05,0.958379,39.0573,0.00117627,0.000101996,0.144071,0.634447,2.84215
0,26.9047,0.366488,-1.07858,0.0172962,0.00633046,0.00615508,0.000175374,0.893281,14.6912,0.0455008,0.0105883,0.144071,34.3309,3.43512
0,8.0197,0.21645,-0.83316,0.015939,0.00036065,0.00028989,7.0768e-05,0.8374,8.7287,0.0012656,0.00049123,0.14407,0.93026,2.9978
0,8.5697,0.2078,-0.96351,0.019495,0.045607,0.001205,0.044402,0.82455,8.0007,0.0050506,0.0021426,0.14407,4.6196,3.2112
0,30.3225,0.554576,-1.1088,0.00939175,0.0171523,0.0165097,0.000642599,0.918631,21.9889,0.184682,0.0287472,0.144071,73.6617,3.51221
0,7.521,0.697595,-0.838263,0.023662,0.000249219,0.000208474,4.07444e-05,0.943095,28.1352,0.00293347,0.000353296,0.144071,2.84264,3.06068
0,5.46519,0.983985,-0.595425,0.0149602,6.9118e-05,1.45829e-05,5.45351e-05,0.959051,39.693,0.000289439,2.46944e-05,0.144071,0.174279,2.67388
0,6.2897,0.23025,-0.7655,0.020406,0.00012554,9.4993e-05,3.055e-05,0.84576,9.2876,0.00044118,0.00016089,0.14407,0.41096,2.8881
0,41.116604,0.32212583,-1.50186,0.010049212,0.64105428,0.43463987,0.20641441,0.40684963,4.6645472,2.8241013,4.1869751,0.14407067,5498.513,5.1802875
0,6.2906,0.21588,-0.64839,0.010739,0.00087939,4.0065e-05,0.00083932,0.83708,8.7015,0.00017446,6.7924e-05,0.14407,0.086425,2.6908
0,14.9924,0.391128,-1.05848,0.0145012,0.00586795,0.00568844,0.000179507,0.899404,15.6862,0.0448784,0.00975562,0.144071,28.1228,3.40357
0,15.85166,0.7797517,-1.11637,0.01605159,0.01122904,0.01064017,0.0005888778,0.941634,31.10335,0.1673516,0.01853874,0.1440707,112.0368,3.548779
0,8.2869,0.505558,-0.993453,0.0242105,0.00156125,0.00148848,7.2775e-05,0.922358,20.3633,0.0151789,0.00253459,0.144071,15.4418,3.30528
0,51.02644,0.5453168,-1.214148,0.01169453,0.05025207,0.04745257,0.002799498,0.8959483,20.89356,0.5219558,0.089344,0.1440707,277.7249,3.725376
0,43.669044,0.42983761,-1.4619463,0.014000211,0.43226069,0.29013405,0.14212664,0.60302567,9.8448373,2.5155229,1.7998711,0.14407067,4689.0627,4.9750093
0,51.61296,0.3421272,-1.213982,0.009077115,0.06285521,0.06108274,0.001772476,0.8509101,12.9345,0.4215327,0.1148615,0.1440707,180.6448,3.684259
0,5.79019,0.594571,-0.535131,0.0197043,4.43951e-05,5.10371e-06,3.92914e-05,0.934043,23.985,6.12089e-05,8.64219e-06,0.144071,0.0498419,2.54924
0,55.2188643,0.519476612,-1.70665607,0.0206277103,0.860331163,0.598614344,0.261716819,0.195596712,2.92698625,6.27246561,28.3155478,0.144070667,99625.9443,23.8119556
0,34.926721,0.45100822,-1.3482216,0.022341205,0.1163357,0.087666839,0.028668861,0.83865298,16.077812,0.79752623,0.2617353,0.14407067,1277.7647,4.1320625
0,48.998917,0.44585633,-1.4184383,0.022688501,0.18855118,0.1885498,1.3741407e-06,0.78901958,14.59524,1.6956889,0.63513053,0.14407067,3038.2924,4.5886517
0,7.91391,0.499175,-0.879793,0.0179139,0.000523703,0.000469168,5.45347e-05,0.922115,20.1271,0.00472396,0.000795566,0.144071,3.54567,3.11371
0,5.85774,0.74518,-0.571533,0.00984715,9.71252e-05,1.63001e-05,8.08251e-05,0.946623,30.059,0.000245006,2.76023e-05,0.144071,0.0983762,2.62059
0,7.38461,0.464063,-0.881641,0.0213858,0.000447258,0.000402446,4.48118e-05,0.916784,18.7128,0.00376712,0.000682415,0.144071,3.39533,3.1133
0,41.99353,0.8990642,-1.22124,0.008963516,0.07675176,0.0663819,0.01036986,0.9040784,33.48608,1.203831,0.1276827,0.1440707,483.1766,3.800816
0,6.63839,0.336001,-0.580603,0.0183073,4.76815e-05,9.85121e-06,3.78303e-05,0.888939,13.5542,6.67659e-05,1.66812e-05,0.144071,0.053075,2.59794
0,7.59786,0.85001,-0.861892,0.0172661,0.000449981,0.000386873,6.31079e-05,0.95266,34.2755,0.00663312,0.000655862,0.144071,4.64398,3.10988
0,7.38726,0.842191,-0.857627,0.0158726,0.000465935,0.000398422,6.75124e-05,0.952233,33.9597,0.0067683,0.00067541,0.144071,4.35785,3.1023
0,7.60876,0.522087,-0.927996,0.0176327,0.000952082,0.000884256,6.7826e-05,0.924991,21.0419,0.00931206,0.00150121,0.144071,6.86348,3.19649
0,6.63981,0.995555,-0.701964,0.0159648,0.000106851,5.36892e-05,5.31618e-05,0.959482,40.1582,0.00107815,9.09272e-05,0.144071,0.692519,2.85141
0,29.6683,0.638894,-1.09945,0.00837434,0.0171837,0.0164537,0.000730023,0.927263,25.3312,0.21204,0.0285919,0.144071,74.5564,3.50365
0,39.20312,0.97535026,-1.3263631,0.017929246,0.12691429,0.087327612,0.039586674,0.87307783,34.353631,1.7180562,0.2463032,0.14407067,1980.565,4.2691957
0,65.35964,0.6890275,-1.298323,0.01249735,0.1262103,0.09821353,0.02799672,0.8584316,24.28839,1.365001,0.2464866,0.1440707,993.4396,4.01402
0,6.84541,0.926974,-0.663303,0.0242778,5.56642e-05,2.14885e-05,3.41756e-05,0.956653,37.3937,0.00040179,3.63898e-05,0.144071,0.393614,2.78366
0,6.08036,0.946747,-0.646238,0.0220608,5.63238e-05,1.89935e-05,3.73303e-05,0.957518,38.1913,0.000362713,3.2164e-05,0.144071,0.322587,2.75636
0,46.54744,0.2034028,-1.336023,0.01284232,0.1635635,0.153114,0.01044953,0.7278042,6.863491,0.6281986,0.3892913,0.1440707,537.3856,3.931589
0,7.04211,0.431178,-0.913239,0.0181159,0.000769559,0.000712372,5.71866e-05,0.910817,17.3811,0.00619568,0.00120888,0.144071,4.7635,3.16256
0,53.551009,0.2366862,-1.4789711,0.021301437,0.29903612,0.29903504,1.081552e-06,0.65467427,6.693045,1.4276449,1.472105,0.14407067,3654.1256,4.7782526
0,63.686754,0.57336388,-1.3761285,0.012507194,0.23679617,0.16455369,0.072242483,0.77095403,17.653305,1.9031066,0.66909201,0.14407067,2184.1408,4.3635196
0,7.65225,0.798731,-0.739806,0.022612,9.92583e-05,6.16277e-05,3.76305e-05,0.950018,32.2191,0.000992892,0.000104379,0.144071,0.912371,2.90346
0,20.3858,0.389269,-1.12828,0.0118588,0.0171879,0.0167171,0.00047078,0.891825,15.4339,0.131261,0.029243,0.144071,68.4061,3.52687
0,6.35661,0.791076,-0.717491,0.0109349,0.000172146,9.56805e-05,7.64658e-05,0.949512,31.9079,0.00152675,0.000162053,0.144071,0.678743,2.8659
0,60.42153,0.940276,-1.180648,0.02465658,0.01679696,0.01523295,0.00156401,0.94625,37.29527,0.2889113,0.02755716,0.1440707,305.2478,3.702075
0,14.1635,0.358771,-1.05097,0.0214528,0.00360361,0.00349735,0.000106261,0.893019,14.4213,0.0253094,0.00598824,0.144071,23.6464,3.38629
0,6.34296,0.635044,-0.607811,0.020034,5.19783e-05,1.27675e-05,3.92108e-05,0.937979,25.6175,0.000163545,2.16201e-05,0.144071,0.134836,2.67307
0,59.96082,0.9920242,-1.235185,0.01522198,0.05527755,0.04524206,0.01003549,0.9226486,37.80782,0.9052943,0.08993552,0.1440707,639.4184,3.859497
0,7.90057,0.76413,-0.87782,0.0175062,0.000531877,0.000468074,6.38029e-05,0.947595,30.81,0.00721452,0.00079372,0.144071,5.1495,3.13122
0,54.72063,0.5401475,-1.19765,0.01818972,0.02660088,0.02531748,0.001283404,0.9107746,21.21087,0.2758404,0.04647166,0.1440707,224.3877,3.687563
0,6.51793,0.893985,-0.650375,0.0157738,8.00637e-05,2.80128e-05,5.20509e-05,0.95511,36.0621,0.000505141,4.74384e-05,0.144071,0.322034,2.7604
0,44.592611,0.25915278,-1.4459831,0.0089855083,0.49435894,0.34086884,0.1534901,0.51941515,5.286319,1.7818385,2.2844578,0.14407067,2381.2329,4.4760855
0,31.7908,0.815754,-1.06583,0.0152892,0.00625446,0.00592096,0.000333499,0.947011,32.7031,0.0974264,0.0101693,0.144071,61.1997,3.4573
0,7.82174,0.800553,-0.855422,0.0112963,0.000637001,0.000544164,9.28364e-05,0.949777,32.2752,0.00878709,0.000922522,0.144071,4.03641,3.09609
0,49.99616,0.4080106,-1.229222,0.01417023,0.049077,0.0470523,0.002024705,0.8753745,15.65208,0.3872375,0.08948636,0.1440707,258.4337,3.733004
0,60.894369,0.83315589,-1.2983053,0.010888814,0.14626276,0.10961689,0.036645872,0.85344864,28.694962,1.8421667,0.28283474,0.14407067,1180.2634,4.0591345
0,7.59635,0.364653,-0.913532,0.0172986,0.000804741,0.00074882,5.59213e-05,0.896288,14.6989,0.00550786,0.00127076,0.144071,4.10913,3.15513
0,60.36,0.7714696,-1.185524,0.01043184,0.04084149,0.03791059,0.002930903,0.9216237,29.85138,0.5899355,0.06934408,0.1440707,267.0659,3.692671
0,11.2643,0.922204,-0.671575,0.0222374,6.34264e-05,2.609e-05,3.73365e-05,0.956433,37.201,0.000485317,4.41823e-05,0.144071,0.435581,2.79714
0,6.17253,0.331243,-0.506608,0.0141971,5.33462e-05,4.9107e-06,4.84354e-05,0.88752,13.3622,3.28107e-05,8.31522e-06,0.144071,0.0202587,2.47445
0,6.34204,0.781023,-0.707121,0.0228309,7.64471e-05,4.01142e-05,3.6333e-05,0.948958,31.5055,0.000631956,6.79359e-05,0.144071,0.586946,2.84804
0,7.84917,0.654889,-0.973641,0.0249636,0.00119156,0.00112056,7.10003e-05,0.939011,26.3879,0.0148023,0.00190583,0.144071,15.2392,3.28475
0,7.43335,0.423168,-0.866794,0.0109382,0.000731925,0.000650265,8.16603e-05,0.909314,17.0589,0.00555046,0.00110257,0.144071,2.57884,3.08416
0,10.5312,0.337371,-0.649649,0.0211299,5.39327e-05,2.07191e-05,3.32136e-05,0.889336,13.6094,0.000140995,3.50852e-05,0.144071,0.12931,2.71276
0,47.21287,0.8662289,-1.208078,0.02070258,0.02844387,0.02524179,0.003202079,0.9350464,33.95125,0.4410401,0.0466831,0.1440707,399.9854,3.761791
0,7.65089,0.422838,-0.962581,0.0152975,0.00167168,0.0015869,8.47863e-05,0.908656,17.0295,0.0135347,0.00269821,0.144071,8.81732,3.24433
0,5.47675,0.977266,-0.548092,0.0217358,4.28873e-05,5.46475e-06,3.74226e-05,0.958798,39.423,0.000107723,9.25363e-06,0.144071,0.0942641,2.59495
0,5.67692,0.753252,-0.624775,0.0137024,8.20632e-05,2.32113e-05,5.88519e-05,0.947174,30.3851,0.000352666,3.93063e-05,0.144071,0.196936,2.70951
0,7.70948,0.361999,-0.878836,0.012105,0.000757613,0.000685763,7.18506e-05,0.89564,14.5926,0.00500734,0.00116295,0.144071,2.61435,3.09691
0,11.72459,0.5621526,-1.155494,0.01972406,0.01467531,0.01407488,0.0006004326,0.9211,22.34543,0.1595967,0.02493738,0.1440707,136.0086,3.60252
0,7.24216,0.95101,-0.760282,0.0233378,0.000115818,7.76696e-05,3.81482e-05,0.957662,38.361,0.00148991,0.000131559,0.144071,1.40183,2.9461
0,25.3372,0.457247,-1.04491,0.00962083,0.00747668,0.00721042,0.00026626,0.911183,18.3082,0.0665023,0.0123523,0.144071,27.2168,3.38814
0,6.76421,0.39972,-0.716122,0.0107162,0.000165185,9.59342e-05,6.92513e-05,0.904883,16.1227,0.000773489,0.000162478,0.144071,0.353604,2.83096
0,91.034815,0.38086576,-1.4976535,0.019550712,0.37866709,0.25037437,0.12829272,0.64047564,9.54666,1.9234769,2.0389378,0.14407067,6772.5576,5.434188
0,8.08779,0.251483,-0.628773,0.00846376,0.000114069,3.95609e-05,7.45076e-05,0.856921,10.1441,0.000200678,6.69888e-05,0.144071,0.0765027,2.6649
0,24.5698,0.842897,-1.08418,0.0152506,0.00791311,0.00748129,0.000431815,0.947427,33.7349,0.127197,0.0129048,0.144071,79.8749,3.49296
0,7.23777,0.526506,-0.75227,0.0195993,0.000124434,8.34427e-05,4.09912e-05,0.926098,21.2375,0.000886169,0.000141333,0.144071,0.72405,2.90401
0,12.8038,0.979067,-0.989008,0.0165497,0.00221401,0.00205712,0.000156894,0.957455,39.4099,0.0406253,0.00350207,0.144071,27.1919,3.33219
0,12.438,0.571596,-0.666535,0.0118679,0.000111981,4.58218e-05,6.61591e-05,0.931531,23.0566,0.000528307,7.75967e-05,0.144071,0.259809,2.76552
0,7.42827,0.744331,-0.73339,0.0161964,0.000131003,7.9234e-05,5.17688e-05,0.946544,30.0237,0.0011896,0.000134199,0.144071,0.785827,2.88935
0,39.2303,0.939935,-1.03221,0.00986896,0.00637536,0.00598006,0.0003953,0.953104,37.6769,0.113378,0.0102293,0.144071,45.4873,3.40538
0,62.27361,0.7248558,-1.243178,0.02061688,0.0430578,0.03720266,0.00585514,0.916999,27.98288,0.5439396,0.07358096,0.1440707,527.6541,3.835915
0,8.6152,0.813399,-0.725296,0.0118059,0.000169415,9.79667e-05,7.14484e-05,0.950828,32.8084,0.00160734,0.000165925,0.144071,0.770426,2.88023
0,53.376847,0.42249553,-1.4174583,0.01823882,0.30696206,0.17610015,0.13086191,0.69843202,11.812295,1.5007454,0.78019907,0.14407067,2743.1506,4.5251093
0,7.10232,0.656865,-0.674695,0.0195792,7.1925e-05,3.08436e-05,4.10813e-05,0.939902,26.4972,0.000408664,5.22329e-05,0.144071,0.32862,2.78577
0,59.070817,0.28657979,-1.4786829,0.013202368,0.42328694,0.42328491,2.0315243e-06,0.58194999,6.6674614,2.4468284,2.3664009,0.14407067,4079.9263,4.8663115
0,6.17612,0.675647,-0.68046,0.0212505,6.85008e-05,3.06016e-05,3.78992e-05,0.941476,27.2549,0.00041705,5.18235e-05,0.144071,0.363387,2.7967
0,47.268253,0.32091856,-1.4384788,0.021556199,0.22845579,0.22845463,1.1571023e-06,0.73443924,9.9887426,1.4788359,0.8647518,0.14407067,2889.7212,4.577266
0,7.35249,0.947209,-0.814208,0.0123576,0.000372198,0.000293107,7.9091e-05,0.957333,38.1979,0.00560012,0.000496669,0.144071,2.79136,3.03568
0,52.4386014,0.993075899,-1.58907074,0.0096093497,0.818777638,0.589800921,0.228976717,0.260565728,7.26021353,11.8144378,13.4226602,0.144070667,40963.9684,12.2575013
0,47.50481,0.4752276,-1.320023,0.0130176,0.1425259,0.1148644,0.02766154,0.8250658,16.43909,1.101063,0.3127054,0.1440707,924.47,4.01863
0,12.2417,0.699999,-0.997106,0.0188084,0.00212594,0.0020073,0.000118633,0.942067,28.1792,0.0283424,0.00341932,0.144071,21.9268,3.32821
0,7.65533,0.713733,-0.75857,0.0111429,0.000235557,0.000159125,7.6432e-05,0.944315,28.7865,0.00229087,0.000269544,0.144071,1.04361,2.92915
0,7.91687,0.604425,-0.802456,0.0224565,0.000361732,0.000138647,0.000223085,0.93495,24.3748,0.00169035,0.00023502,0.144071,1.56833,2.99407
0,7.32124,0.388561,-0.909093,0.0103244,0.00127967,0.00118496,9.47058e-05,0.901719,15.6552,0.00928727,0.00201118,0.144071,4.10903,3.15069
0,7.2345,0.20422,-0.57244,0.019169,0.0089249,8.406e-06,0.0089165,0.8282,8.1649,3.4626e-05,1.4347e-05,0.14407,0.030902,2.562
0,6.98452,0.296713,-0.623059,0.0154778,6.35012e-05,2.01018e-05,4.33994e-05,0.87605,11.9692,0.000120309,3.40394e-05,0.144071,0.0820472,2.66278
0,13.2127,0.916995,-0.99338,0.0147424,0.00261652,0.00244129,0.000175229,0.954535,36.8964,0.0451556,0.00415847,0.144071,27.0105,3.33618
0,6.28522,0.354014,-0.69077,0.0200826,7.2499e-05,3.69668e-05,3.55322e-05,0.893974,14.2805,0.000263971,6.26026e-05,0.144071,0.228911,2.78324
0,54.60356,0.3885448,-1.250896,0.02417228,0.03748195,0.03558182,0.001900132,0.8786668,15.08708,0.2788652,0.06929884,0.1440707,327.8399,3.780379
0,57.2333,0.369108,-1.11578,0.0242198,0.00722618,0.00703532,0.000190857,0.89337,14.7829,0.0523796,0.0121937,0.144071,55.7019,3.50134
0,7.79324,0.850956,-0.956441,0.0199501,0.00121562,0.00112495,9.06666e-05,0.952212,34.2874,0.0193093,0.00191204,0.144071,15.656,3.26901
0,6.7513,0.21475,-0.52642,0.013984,4.7706e-05,6.4309e-06,4.1275e-05,0.8365,8.6629,2.7856e-05,1.0888e-05,0.14407,0.017974,2.4881
0,7.559,0.350062,-0.841236,0.0158507,0.000373554,0.000323301,5.02534e-05,0.892718,14.1169,0.00228285,0.000547931,0.144071,1.56544,3.03276
0,6.79817,0.384558,-0.609883,0.0130895,7.50265e-05,2.00685e-05,5.4958e-05,0.901562,15.5126,0.000155669,3.39832e-05,0.144071,0.0872392,2.65276
0,6.28674,0.705202,-0.702625,0.0219702,7.65505e-05,3.93468e-05,3.72037e-05,0.943784,28.4469,0.000559691,6.66357e-05,0.144071,0.502969,2.8356
0,30.7216,0.959657,-1.06654,0.0227495,0.00427933,0.00401773,0.000261594,0.955312,38.5486,0.0777719,0.00689725,0.144071,72.1688,3.46861
0,7.75304,0.992602,-0.89224,0.0151985,0.000734559,0.000648629,8.59309e-05,0.958958,40.0139,0.0129866,0.00110027,0.144071,7.9533,3.16852
0,42.50836,0.3698419,-1.276453,0.0142468,0.08385809,0.07815676,0.005701333,0.8443588,13.66891,0.5830527,0.1632664,0.1440707,429.1986,3.839461
0,56.223524,0.42762735,-1.4037467,0.014310439,0.26314071,0.18093908,0.082201632,0.73172935,12.711746,1.5607129,0.83379582,0.14407067,2362.679,4.4298444
0,8.28077,0.755012,-0.955269,0.0191339,0.00124319,0.00115549,8.77038e-05,0.946539,30.4207,0.0175972,0.00196382,0.144071,13.7649,3.26086
0,96.939133,0.8613895,-1.4635001,0.011618907,0.48723701,0.32714194,0.16009508,0.58984913,17.818511,5.6840902,2.2124745,0.14407067,8851.387,5.8174643
0,5.82445,0.852283,-0.681865,0.0115937,0.000128441,5.71105e-05,7.13301e-05,0.952988,34.3782,0.000981803,9.67198e-05,0.144071,0.461073,2.81036
0,54.18492,0.7825657,-1.24281,0.01966498,0.04572085,0.03882223,0.00689862,0.9189728,30.12669,0.6128109,0.07677897,0.1440707,564.1855,3.846081
0,6.91477,0.791157,-0.814816,0.0175501,0.000261704,0.000208019,5.36853e-05,0.949459,31.9083,0.00331963,0.000352466,0.144071,2.36952,3.02779
0,162.4454,0.7402971,-1.272172,0.01320779,0.09328031,0.07546904,0.01781127,0.8844696,27.0791,1.126938,0.1666872,0.1440707,768.2828,3.930941
0,5.24099,0.834398,-0.581703,0.0139035,7.10356e-05,1.31556e-05,5.788e-05,0.952067,33.6587,0.000221416,2.22773e-05,0.144071,0.124812,2.64299
0,47.6731,0.60783701,-1.3451423,0.012851288,0.18960676,0.13749714,0.052109621,0.80825632,19.871842,1.6857997,0.43736519,0.14407067,1575.1329,4.1974779
0,103.3537,0.9867708,-1.265749,0.02368582,0.05168698,0.03951636,0.01217062,0.9249879,37.75054,0.7865357,0.08558744,0.1440707,943.0245,3.96898
0,22.1012,0.486916,-1.12854,0.00979233,0.0209303,0.0202294,0.000700836,0.90727,19.2319,0.198684,0.0355311,0.144071,84.0656,3.54076
0,19.134,0.229686,-1.09239,0.0227138,0.0056924,0.00558565,0.000106746,0.842065,9.21319,0.0258782,0.00962753,0.144071,27.2713,3.43573
0,6.30116,0.683903,-0.641675,0.0228697,5.2164e-05,1.72788e-05,3.48852e-05,0.942151,27.5885,0.000238361,2.92601e-05,0.144071,0.223347,2.73288
0,7.14483,0.479536,-0.672274,0.0243619,5.54394e-05,2.40299e-05,3.14095e-05,0.919493,19.3443,0.000232433,4.06932e-05,0.144071,0.237725,2.76669
0,5.94599,0.668447,-0.581175,0.00918847,0.000105493,1.97714e-05,8.57212e-05,0.940859,26.9635,0.000266581,3.34807e-05,0.144071,0.100491,2.63132
0,5.80031,0.88508,-0.530089,0.0131642,6.82425e-05,7.16015e-06,6.10824e-05,0.954687,35.7033,0.000127829,1.21246e-05,0.144071,0.0680373,2.56019
0,61.03628,0.6213228,-1.248807,0.01986213,0.04678959,0.0413528,0.005436791,0.906158,23.89248,0.5182596,0.08210342,0.1440707,490.0967,3.830457
0,5.35096,0.920529,-0.547735,0.0242784,3.81344e-05,4.87011e-06,3.32643e-05,0.956374,37.1344,9.04276e-05,8.24669e-06,0.144071,0.0886106,2.59141
0,57.8074,0.979525,-1.03187,0.0109471,0.00573627,0.00536892,0.000367353,0.955174,39.2891,0.106078,0.00918206,0.144071,47.1267,3.40718
0,7.34749,0.474838,-0.826588,0.0108965,0.000467992,0.000389663,7.83289e-05,0.9185,19.1468,0.00373215,0.000660358,0.144071,1.70971,3.02267
0,38.6454,0.743701,-1.05564,0.0231974,0.00361436,0.00343337,0.000180998,0.944246,29.8938,0.0515043,0.00588,0.144071,49.2208,3.43359
0,7.20071,0.68678,-0.856303,0.0141856,0.000509261,0.000438288,7.09737e-05,0.942085,27.6918,0.00607159,0.000742985,0.144071,3.53124,3.09
0,7.67526,0.890877,-0.758158,0.0129423,0.000204279,0.000136281,6.79986e-05,0.95488,35.9322,0.00244893,0.000230845,0.144071,1.28145,2.93934
0,6.03269,0.95756,-0.64289,0.0223651,5.48301e-05,1.79465e-05,3.68837e-05,0.957978,38.6276,0.000346633,3.03909e-05,0.144071,0.312387,2.75135
0,35.087084,0.61570969,-1.327502,0.017782347,0.11962874,0.088939924,0.030688813,0.85674945,21.867393,1.1045819,0.2519975,0.14407067,1303.6644,4.1174032
0,7.54828,0.655365,-0.908444,0.0183567,0.00072645,0.000661109,6.53408e-05,0.939351,26.4194,0.0087394,0.00112175,0.144071,6.6012,3.17488
0,7.50322,0.894277,-0.780365,0.0139531,0.000233105,0.000168118,6.49873e-05,0.955025,36.0683,0.00303257,0.0002848,0.144071,1.71065,2.97647
0,33.5824,0.503714,-1.10783,0.021788,0.00732192,0.00706851,0.00025341,0.91842,20.1719,0.0718186,0.012238,0.144071,66.7535,3.50483
0,6.48192,0.57375,-0.755631,0.0140319,0.000180018,0.000121687,5.83307e-05,0.931726,23.1419,0.00140829,0.000206118,0.144071,0.818804,2.91371
0,7.42373,0.653286,-0.738555,0.00851667,0.000257965,0.000161005,9.69596e-05,0.939473,26.3479,0.00212162,0.000272715,0.144071,0.742468,2.89159
0,7.08064,0.335262,-0.973538,0.0111671,0.00260923,0.0025,0.000109229,0.887124,13.4898,0.0169063,0.00425479,0.144071,8.23524,3.25166
0,26.5855,0.977419,-1.0597,0.0128186,0.00696052,0.00652811,0.000432413,0.954289,39.1564,0.128704,0.0112106,0.144071,67.2091,3.45715
0,5.61185,0.949006,-0.634235,0.0134565,8.76692e-05,2.66889e-05,6.09803e-05,0.957595,38.2813,0.000510888,4.51959e-05,0.144071,0.277124,2.73654
0,59.3635,0.2210625,-1.335475,0.02397498,0.08946797,0.08170339,0.007764584,0.7856037,8.120176,0.3643177,0.2070639,0.1440707,584.8734,3.944614
0,7.00916,0.680837,-0.901781,0.0177017,0.000696209,0.000629432,6.67771e-05,0.941491,27.4471,0.00864405,0.00106784,0.144071,6.28114,3.16561
0,27.1296,0.391627,-1.08745,0.0208326,0.0058883,0.00571945,0.000168851,0.899502,15.7059,0.0451806,0.00985158,0.144071,40.8458,3.45418
0,7.09908,0.614153,-0.932275,0.0171615,0.00103626,0.000959709,7.65524e-05,0.935373,24.7504,0.0118889,0.00162959,0.144071,8.43466,3.21167
0,6.67269,0.685527,-0.81141,0.0196486,0.000224062,0.000177856,4.62062e-05,0.94217,27.6492,0.00245934,0.000301344,0.144071,1.98055,3.0151
0,41.6191,0.733391,-1.06705,0.0196048,0.00493507,0.00469374,0.000241322,0.942681,29.4403,0.0694353,0.00805557,0.144071,56.2177,3.45318
0,53.946475,0.93321987,-1.3439915,0.021589065,0.12482344,0.084110212,0.040713231,0.87228095,32.948437,1.5832805,0.25652971,0.14407067,2384.4447,4.3747869
0,82.399063,0.50637186,-1.4935827,0.023093137,0.32713579,0.22165595,0.10547985,0.69519143,13.745235,2.263988,1.6382303,0.14407067,8525.9536,5.7824283
0,45.69572,0.2312139,-1.258443,0.01509981,0.06613251,0.06146881,0.004663699,0.8072123,8.710725,0.2866777,0.1222286,0.1440707,227.0117,3.749463
0,45.22833,0.5739095,-1.245724,0.01369078,0.06423579,0.05815683,0.006078961,0.889841,21.66532,0.6732391,0.1144883,0.1440707,434.99,3.810544
0,293.3586,0.6821448,-1.278446,0.02306443,0.05793267,0.04681191,0.01112076,0.9040397,25.9247,0.6441072,0.1034639,0.1440707,780.0009,3.940269
0,7.55264,0.867608,-0.875125,0.0236428,0.000383574,0.000334829,4.87447e-05,0.953613,34.9874,0.00585965,0.00056771,0.144071,5.6131,3.13304
0,7.66375,0.550953,-0.906109,0.0226547,0.000568923,0.000519916,4.90065e-05,0.928857,22.2138,0.00577794,0.000882077,0.144071,5.44723,3.16245
0,55.5671769,0.377711165,-1.71619552,0.0144374865,0.968661174,0.70931998,0.259341194,0.0486121117,0.477526758,5.40414741,45.7298436,0.144070667,73923.3876,18.8151434
0,55.58558,0.410679,-1.273307,0.02194741,0.05371784,0.04925451,0.004463323,0.8728792,15.67755,0.4080127,0.1017832,0.1440707,457.3209,3.845036
0,42.47696,0.3697959,-1.272722,0.01704714,0.06810396,0.06365752,0.004446434,0.8544674,13.90224,0.4748287,0.1300614,0.1440707,411.1748,3.830026
0,6.17521,0.905385,-0.698851,0.0227069,7.32297e-05,3.62692e-05,3.69605e-05,0.955654,36.5222,0.000662364,6.14235e-05,0.144071,0.607554,2.84155
0,7.20448,0.977279,-0.754071,0.0233973,0.000109544,7.15329e-05,3.80111e-05,0.958755,39.4209,0.0014101,0.000121162,0.144071,1.32858,2.93712
0,7.8449,0.21806,-0.92001,0.024872,0.00059676,0.00056604,3.0725e-05,0.83825,8.7918,0.0024897,0.00096055,0.14407,2.8561,3.1427
0,48.561,0.983666,-1.04566,0.0186321,0.00401678,0.00376273,0.00025405,0.956462,39.5235,0.074658,0.00643964,0.144071,56.5128,3.43212
0,5.54621,0.70101,-0.533123,0.016915,5.24218e-05,5.79391e-06,4.66279e-05,0.943482,28.2785,8.19259e-05,9.81099e-06,0.144071,0.0566951,2.55385
0,7.5091,0.971333,-0.739664,0.0216312,0.000104623,6.43047e-05,4.0318e-05,0.958517,39.1812,0.0012599,0.000108914,0.144071,1.09769,2.91285
0,31.748931,0.83187271,-1.3351634,0.021684326,0.11484749,0.079635404,0.035212084,0.87498962,29.705041,1.3362516,0.22802273,0.14407067,1913.3245,4.2631643
0,7.20253,0.386078,-0.786742,0.0163691,0.000202445,0.000155539,4.69062e-05,0.901831,15.5719,0.00121126,0.000263489,0.144071,0.848871,2.94668
0,7.47406,0.848782,-0.741848,0.0248491,9.21701e-05,5.75703e-05,3.45998e-05,0.952827,34.2382,0.000985643,9.75076e-05,0.144071,0.992392,2.90984
0,7.4025,0.452507,-0.665055,0.0166787,7.71043e-05,3.19912e-05,4.51131e-05,0.915081,18.2535,0.000291999,5.41752e-05,0.144071,0.205441,2.75197
0,48.3082,0.310676,-1.15605,0.00909793,0.0313541,0.0306542,0.000699908,0.861404,12.1402,0.192098,0.0544517,0.144071,79.5815,3.56458
0,5.9482,0.964306,-0.628239,0.0243783,4.72979e-05,1.36404e-05,3.36575e-05,0.958265,38.9,0.000265317,2.30985e-05,0.144071,0.260548,2.72737
0,6.7251,0.21925,-0.69246,0.010243,0.00013187,7.4068e-05,5.7805e-05,0.83926,8.8438,0.00032757,0.00012543,0.14407,0.15432,2.7647
0,16.97134,0.8908703,-1.125902,0.01381869,0.01479416,0.01388269,0.0009114635,0.9453537,35.40761,0.2494671,0.024339,0.1440707,143.585,3.577184
0,18.1113,0.667332,-1.01878,0.0203206,0.00257998,0.00245065,0.000129329,0.939171,26.8519,0.0329874,0.0041809,0.144071,27.6869,3.36298
0,5.88744,0.94172,-0.62893,0.0207516,5.56405e-05,1.61669e-05,3.94736e-05,0.957302,37.9886,0.000307097,2.73771e-05,0.144071,0.256969,2.72735
0,56.92918,0.4413383,-1.317074,0.02084551,0.089088,0.0729391,0.0161489,0.8555023,16.21822,0.6493177,0.1880197,0.1440707,846.906,3.996117
0,7.29503,0.463354,-0.728548,0.00963306,0.000205325,0.000125183,8.01422e-05,0.916821,18.6887,0.00116999,0.000212025,0.144071,0.474552,2.85853
0,7.26233,0.872868,-0.862468,0.00884675,0.000884951,0.00076048,0.000124471,0.953553,35.1819,0.0133894,0.00128953,0.144071,4.79764,3.11216
0,42.4992,0.695916,-1.06844,0.00857671,0.0114173,0.010885,0.000532347,0.935738,27.754,0.152795,0.0187462,0.144071,54.3552,3.45249
0,37.49226,0.4523373,-1.251856,0.01826866,0.05084533,0.04737607,0.003469262,0.8823068,17.32027,0.4322615,0.09283085,0.1440707,379.4646,3.798878
0,7.62053,0.514849,-0.839007,0.0158487,0.000370537,0.000314219,5.63178e-05,0.924396,20.7622,0.00326316,0.000532535,0.144071,2.16071,3.0472
0,7.76112,0.287807,-0.924282,0.0111048,0.00141955,0.00133844,8.11041e-05,0.871867,11.5942,0.00777011,0.00227264,0.144071,3.82534,3.16215
0,6.11867,0.955293,-0.700345,0.0188985,8.90921e-05,4.44215e-05,4.46706e-05,0.957861,38.5348,0.000855963,7.52307e-05,0.144071,0.651945,2.84668
0,7.24278,0.566319,-0.847805,0.00838945,0.000775635,0.000664432,0.000111203,0.930513,22.8286,0.00758991,0.00112638,0.144071,2.64249,3.06643
0,5.50514,0.997036,-0.512315,0.020075,4.4032e-05,3.73693e-06,4.02951e-05,0.959581,40.2205,7.51538e-05,6.32782e-06,0.144071,0.0606895,2.53654
0,36.740255,0.68545753,-1.3282304,0.024271902,0.093988133,0.067902673,0.02608546,0.87996642,25.053569,0.93884218,0.18635664,0.14407067,1467.8765,4.1561148
0,43.455495,0.28850335,-1.371944,0.01550942,0.18067454,0.14254286,0.03813168,0.7565527,9.5359174,0.82950975,0.51133704,0.14407067,1139.3665,4.1230197
0,57.97237,0.4786121,-1.231505,0.02074944,0.03513534,0.03315554,0.001979803,0.8967842,18.62967,0.3200847,0.06293145,0.1440707,309.1924,3.754359
0,9.37935,0.859615,-0.961266,0.0127254,0.00202346,0.00187534,0.000148129,0.952139,34.6082,0.0325168,0.00318925,0.144071,16.8142,3.27773
0,27.0938,0.481842,-1.12562,0.0149856,0.0132855,0.0128452,0.00044028,0.911425,19.1801,0.124845,0.0223639,0.144071,80.3876,3.53483
0,5.77355,0.802272,-0.513007,0.0157207,5.55544e-05,4.81457e-06,5.07398e-05,0.950255,32.3633,7.79119e-05,8.15265e-06,0.144071,0.0497531,2.52702
0,6.26982,0.669407,-0.569108,0.0200628,4.69775e-05,7.75518e-06,3.92223e-05,0.940977,27.0038,0.000104715,1.31321e-05,0.144071,0.0861807,2.61136
0,51.975108,0.88947985,-1.3509963,0.012456735,0.23370906,0.15774403,0.075965028,0.79318202,27.496978,2.8301811,0.4864556,0.14407067,2394.4009,4.3839391
0,7.90396,0.967435,-0.931081,0.0220565,0.000808821,0.000735397,7.34238e-05,0.957898,38.9965,0.0143506,0.00124863,0.144071,12.7795,3.23266
0,5.80023,0.864842,-0.548142,0.0111941,8.24398e-05,1.06176e-05,7.18221e-05,0.953668,34.8864,0.000185221,1.79795e-05,0.144071,0.0839196,2.58903
0,51.9559,0.5233272,-1.189445,0.01562495,0.0279104,0.0266945,0.001215902,0.9078127,20.52271,0.2817865,0.04868844,0.1440707,196.0291,3.666909
0,38.114752,0.69875729,-1.344071,0.01965392,0.14027143,0.098247565,0.042023863,0.84940011,24.234992,1.3847562,0.28207579,0.14407067,1802.9467,4.2475852
0,7.1525,0.698848,-0.752931,0.0172189,0.000144995,9.57861e-05,4.92087e-05,0.943258,28.1887,0.00135024,0.000162243,0.144071,0.951599,2.91875
0,48.270355,0.21093044,-1.4386474,0.020880067,0.25825624,0.18072382,0.077532425,0.6701441,6.3117287,0.76891763,0.89468971,0.14407067,2005.4959,4.3869641
0,5.4971,0.868473,-0.512125,0.0147735,5.9396e-05,5.06552e-06,5.43305e-05,0.953867,35.0337,8.87373e-05,8.57761e-06,0.144071,0.05305,2.52944
0,6.1976,0.918494,-0.679312,0.0162376,9.06973e-05,3.94622e-05,5.12351e-05,0.956247,37.0503,0.000731111,6.683e-05,0.144071,0.47924,2.8098
0,7.36039,0.856281,-0.727655,0.0119033,0.000171557,0.000100153,7.14034e-05,0.953169,34.538,0.00172985,0.000169632,0.144071,0.833947,2.88667
0,6.00147,0.512497,-0.605554,0.017077,5.9182e-05,1.45505e-05,4.46315e-05,0.924275,20.6738,0.000150416,2.46393e-05,0.144071,0.107275,2.65906
0,6.78033,0.250803,-0.705379,0.0106021,0.000144288,8.44719e-05,5.98163e-05,0.85657,10.1164,0.000427336,0.000143059,0.144071,0.204177,2.79197
0,53.845245,0.26448011,-1.4642986,0.021932284,0.26680823,0.26680715,1.0806051e-06,0.68895123,7.8228639,1.4233629,1.1841697,0.14407067,3361.3398,4.7024345
0,7.43511,0.389246,-0.793663,0.00952328,0.000373584,0.000292169,8.14152e-05,0.902444,15.697,0.00229395,0.000495004,0.144071,0.934608,2.95856
0,7.10915,0.53875,-0.758082,0.0245201,0.000105062,7.18661e-05,3.31956e-05,0.927667,21.7319,0.000780975,0.000121726,0.144071,0.796981,2.91476
0,12.6645,0.201066,-0.723481,0.0200533,0.0303558,5.46054e-05,0.0303012,0.822696,7.86515,0.000221463,9.54342e-05,0.144071,0.208542,2.81116
0,6.52662,0.650698,-0.678307,0.0200496,7.16671e-05,3.15503e-05,4.01168e-05,0.939367,26.2484,0.000414103,5.34299e-05,0.144071,0.341188,2.79131
0,6.90603,0.51485,-0.645662,0.0108053,0.000109512,3.84919e-05,7.10202e-05,0.924562,20.7677,0.000399738,6.51841e-05,0.144071,0.180329,2.72587
0,9.02403,0.998075,-0.957386,0.0209053,0.00118248,0.00108675,9.57383e-05,0.958879,40.2165,0.0218784,0.00184697,0.144071,18.4584,3.27897
0,64.1223,0.9015991,-1.232424,0.01790718,0.04479447,0.03767557,0.007118893,0.9258693,34.74285,0.6851702,0.07378514,0.1440707,565.1312,3.835964
0,7.26932,0.821262,-0.771214,0.0148529,0.000199898,0.000140425,5.94725e-05,0.951255,33.1245,0.00232623,0.000237875,0.144071,1.40234,2.95705
0,32.8078,0.644531,-1.093,0.00934043,0.014231,0.0136203,0.000610688,0.92968,25.6315,0.177074,0.0235975,0.144071,69.2647,3.49239
0,6.99223,0.290198,-0.757483,0.0172865,0.00014086,0.00010116,3.97003e-05,0.873572,11.7055,0.000592145,0.000171341,0.144071,0.452372,2.885
0,7.21223,0.410891,-0.804888,0.0215892,0.000185769,0.000148873,3.68954e-05,0.907213,16.573,0.00123387,0.000252219,0.144071,1.13382,2.97975
0,7.9105,0.957836,-0.932214,0.0166442,0.0010862,0.000988671,9.75285e-05,0.957318,38.5989,0.0191015,0.00167892,0.144071,12.8425,3.23406
0,6.9713,0.22582,-0.69096,0.023271,5.7981e-05,3.1982e-05,2.6e-05,0.84325,9.1095,0.00014568,5.4159e-05,0.14407,0.15519,2.7634
0,17.40017,0.8587511,-1.142453,0.02480613,0.01017388,0.009530076,0.0006438072,0.9467765,34.2911,0.1650779,0.01677025,0.1440707,171.7393,3.608402
0,55.96676,0.4312627,-1.2915,0.01348412,0.1066892,0.09377668,0.0129125,0.8419551,15.54174,0.815759,0.2092813,0.1440707,593.7465,3.903136
0,7.14435,0.301588,-0.763679,0.0150116,0.000172649,0.000126133,4.65162e-05,0.87774,12.1645,0.000767305,0.000213648,0.144071,0.506632,2.89703
0,78.24884,0.5200098,-1.303603,0.0130047,0.1241589,0.1017306,0.02242828,0.8436034,18.3735,1.067059,0.2534937,0.1440707,818.3867,3.975348
0,60.57957,0.7444811,-1.202645,0.01331294,0.03986523,0.03660955,0.003255676,0.920486,28.8364,0.5497601,0.06770231,0.1440707,321.839,3.730014
0,6.05385,0.994044,-0.647864,0.0175651,7.14443e-05,2.4358e-05,4.70864e-05,0.959446,40.0986,0.000488396,4.12488e-05,0.144071,0.345149,2.76146
0,7.38467,0.750912,-0.73329,0.0214178,9.92355e-05,5.9841e-05,3.93946e-05,0.947007,30.2901,0.000906385,0.000101351,0.144071,0.791386,2.88961
0,5.66961,0.802301,-0.583777,0.0125715,7.87524e-05,1.49423e-05,6.381e-05,0.950242,32.3637,0.000241814,2.5303e-05,0.144071,0.123487,2.64452
0,57.246501,0.35229023,-1.4630425,0.013397393,0.38397997,0.38397769,2.2792026e-06,0.62890411,8.754888,2.728549,1.9075259,0.14407067,4055.0314,4.8455223
0,7.33775,0.535299,-0.721628,0.00883313,0.000214481,0.000124909,8.95718e-05,0.927165,21.5903,0.0013487,0.000211561,0.144071,0.496008,2.85388
0,52.36586,0.5904578,-1.268627,0.01425241,0.081336,0.06990325,0.01143275,0.8802016,21.88269,0.832552,0.1475939,0.1440707,596.0911,3.880921
0,7.00542,0.339258,-0.601194,0.0107747,8.63695e-05,2.18054e-05,6.45641e-05,0.889864,13.6851,0.000149217,3.69244e-05,0.144071,0.0697395,2.63256
0,38.52577,0.5854075,-1.231301,0.009859288,0.07396108,0.06827588,0.005685201,0.8845723,21.86969,0.8062148,0.1320959,0.1440707,367.0131,3.774191
0,54.47706,0.9341694,-1.233065,0.009697607,0.08260676,0.0691555,0.01345126,0.9018029,34.57294,1.303099,0.1373747,0.1440707,582.148,3.841434
0,6.9926,0.23519,-0.69789,0.018153,7.8873e-05,4.4811e-05,3.4062e-05,0.84854,9.4874,0.00021259,7.5884e-05,0.14407,0.17556,2.7767
0,39.54422,0.947466,-1.153095,0.02380584,0.01222725,0.01130423,0.0009230175,0.9495831,37.75512,0.2160379,0.02003465,0.1440707,216.1451,3.639484
0,52.946435,0.72849454,-1.36244,0.021010479,0.1359033,0.09275429,0.043149007,0.85457811,25.394743,1.3629674,0.33407916,0.14407067,2377.4683,4.3917301
0,23.3896,0.7620314,-1.153444,0.01830724,0.01564808,0.01474597,0.0009021121,0.9376273,30.26066,0.2266581,0.02616928,0.1440707,176.2383,3.621596
0,6.76492,0.29757,-0.744932,0.0234793,9.27008e-05,6.33927e-05,2.93081e-05,0.876344,12.0034,0.000380499,0.000107366,0.144071,0.393567,2.86528
0,7.21583,0.471536,-0.908094,0.01368,0.000960031,0.000883046,7.69841e-05,0.917665,19.0043,0.00839892,0.0014985,0.144071,4.83892,3.15824
0,6.17453,0.762218,-0.704423,0.0184565,9.2797e-05,4.79312e-05,4.48658e-05,0.947755,30.7464,0.000736924,8.11749e-05,0.144071,0.553995,2.84237
0,46.05542,0.5055159,-1.218516,0.01240963,0.04986175,0.04727574,0.002586011,0.8910967,19.37656,0.4820569,0.08905446,0.1440707,273.9073,3.728291
0,6.59212,0.326362,-0.500063,0.0173215,4.32098e-05,3.70039e-06,3.95094e-05,0.886036,13.1654,2.43597e-05,6.26577e-06,0.144071,0.0183815,2.46291
0,64.62597,0.2136084,-1.206437,0.01228186,0.0427449,0.04202885,0.0007160523,0.8098659,8.248996,0.1810885,0.07704888,0.1440707,109.8641,3.637417
0,6.98996,0.314862,-0.732357,0.0141243,0.000139079,8.96626e-05,4.94168e-05,0.882305,12.7003,0.000569452,0.000151858,0.144071,0.351913,2.84695
0,8.31845,0.264089,-1.04571,0.0227353,0.00316165,0.00308492,7.67305e-05,0.860942,10.6201,0.0164331,0.00528143,0.144071,16.8828,3.3624
0,52.469654,0.82892402,-1.3386903,0.01051494,0.22418811,0.15684419,0.067343925,0.79861871,25.943366,2.6224567,0.49203036,0.14407067,1915.6796,4.2672117
0,16.70961,0.8443099,-1.103235,0.02430141,0.006325786,0.005973845,0.0003519411,0.9485349,33.84551,0.1017375,0.01034405,0.1440707,102.2368,3.529037
0,29.9978,0.439759,-1.13861,0.00868545,0.0266341,0.0258187,0.000815414,0.895913,17.2682,0.229021,0.0455914,0.144071,86.9948,3.55316
0,34.90066,0.2364946,-1.31967,0.0115042,0.1580747,0.1485683,0.009506337,0.7495757,8.032487,0.7087168,0.3522407,0.1440707,494.9575,3.902772
0,47.769948,0.63415697,-1.3488288,0.016012371,0.17344385,0.12284222,0.050601627,0.82051552,21.145809,1.571338,0.36804429,0.14407067,1731.1335,4.2363095
0,132.7854,0.7185316,-1.271759,0.01745512,0.07113649,0.05780346,0.01333302,0.8979222,26.92483,0.8377703,0.1254591,0.1440707,748.4737,3.925339
0,6.20588,0.80574,-0.642968,0.021562,5.62932e-05,1.86335e-05,3.76598e-05,0.950458,32.5032,0.000302841,3.15543e-05,0.144071,0.265203,2.74301
0,5.63808,0.928248,-0.693961,0.0248465,6.48881e-05,3.11284e-05,3.37598e-05,0.956703,37.4447,0.000582835,5.27166e-05,0.144071,0.584336,2.83466
0,45.95822,0.9554169,-1.189425,0.02146698,0.02171953,0.01945226,0.002267268,0.9436192,37.70609,0.3748764,0.03542888,0.1440707,346.4021,3.725342
0,58.101814,0.44836187,-1.3667415,0.015704778,0.18981271,0.13909734,0.050715365,0.78900534,14.654441,1.2579769,0.472334,0.14407067,1570.3905,4.2180013
0,9.44005,0.898011,-0.974664,0.0215806,0.00141345,0.00131329,0.000100168,0.954435,36.1762,0.0237884,0.00223373,0.144071,20.8261,3.3029
0,50.08839,0.6894099,-1.167307,0.009832338,0.03414621,0.03229636,0.001849848,0.9203819,26.86236,0.4491137,0.05822234,0.1440707,190.4407,3.642199
0,31.7461,0.369424,-1.08231,0.0138974,0.00825643,0.00802819,0.000228246,0.8928,14.7802,0.0598229,0.0138251,0.144071,36.2546,3.44203
0,6.34175,0.450227,-0.795766,0.021527,0.000170288,0.000132803,3.74849e-05,0.914629,18.1599,0.00120604,0.00022498,0.144071,1.09605,2.96888
0,5.79269,0.311621,-0.583856,0.016542,5.22952e-05,1.13676e-05,4.09276e-05,0.881281,12.5707,7.14532e-05,1.92489e-05,0.144071,0.0517697,2.59991
0,52.751524,0.40578846,-1.3833835,0.013251369,0.25578966,0.18532241,0.070467258,0.73648163,12.182897,1.5168855,0.69319737,0.14407067,1731.983,4.2710545
0,46.348827,0.24625037,-1.4450862,0.014425161,0.37728533,0.25773881,0.11954652,0.60301133,6.1861601,1.280212,1.4067024,0.14407067,2372.7715,4.4733627
0,6.372,0.22835,-0.71176,0.01157,0.00013688,8.4023e-05,5.2855e-05,0.84467,9.2108,0.00038701,0.0001423,0.14407,0.20463,2.7985
0,34.51004,0.2717815,-1.303859,0.01045635,0.1481207,0.1398008,0.008319906,0.7720387,9.340135,0.7663988,0.3163095,0.1440707,456.083,3.875208
0,41.917038,0.55248271,-1.3989689,0.01366785,0.31353368,0.21296191,0.10057177,0.71047367,15.300059,2.3732626,0.82103093,0.14407067,2754.4961,4.5090351
0,6.16948,0.433042,-0.795448,0.0218245,0.000167059,0.000130458,3.66012e-05,0.911546,17.4668,0.00113953,0.000221008,0.144071,1.05347,2.96652
0,6.17576,0.354492,-0.596131,0.0115128,8.02431e-05,1.91224e-05,6.11207e-05,0.894097,14.2997,0.000136733,3.23809e-05,0.144071,0.0679594,2.62617
0,6.96084,0.446938,-0.96076,0.0244407,0.00102474,0.00097066,5.40769e-05,0.913513,18.0118,0.00875064,0.00164976,0.144071,9.06178,3.24396
0,7.63934,0.385972,-1.01435,0.0129368,0.00376842,0.00363348,0.00013494,0.899562,15.5121,0.0282881,0.00620356,0.144071,15.7741,3.32733
0,32.04571,0.3328493,-1.288821,0.009906792,0.1360763,0.1271708,0.008905536,0.8000225,11.60054,0.8538079,0.2752156,0.1440707,450.6294,3.858494
0,48.84903,0.9774818,-1.163496,0.02157543,0.01545351,0.01414802,0.001305499,0.9486929,38.82398,0.278952,0.02526556,0.1440707,254.2729,3.665637
0,5.14762,0.889212,-0.615078,0.0194044,5.63986e-05,1.44714e-05,4.19273e-05,0.954896,35.8704,0.000259562,2.45056e-05,0.144071,0.203602,2.70153
0,5.10427,0.65725,-0.545855,0.0137939,6.54591e-05,8.36719e-06,5.70919e-05,0.939939,26.5129,0.000110927,1.41685e-05,0.144071,0.0628357,2.57187
0,6.49212,0.823068,-0.823268,0.0108458,0.000464377,0.000375146,8.92306e-05,0.951185,33.1886,0.00622819,0.000635748,0.144071,2.74224,3.04382
0,6.42885,0.783724,-0.79748,0.0201003,0.000190697,0.000145388,4.53083e-05,0.949051,31.6108,0.00229836,0.000246311,0.144071,1.87962,2.99846
0,6.3285,0.840654,-0.86247,0.0182831,0.00042762,0.000368079,5.9541e-05,0.952175,33.899,0.00624142,0.000623997,0.144071,4.62955,3.1103
0,6.65894,0.415845,-0.880257,0.0246402,0.000380456,0.000343157,3.72994e-05,0.908093,16.7695,0.00287839,0.000581849,0.144071,3.01775,3.10578
0,11.80951,0.5910182,-1.139601,0.01117785,0.02120472,0.02033171,0.0008730042,0.9200265,23.33716,0.2423818,0.0358781,0.1440707,115.9505,3.574533
0,6.2415,0.20165,-0.81895,0.021362,0.00020837,0.00018021,2.8166e-05,0.82761,8.1331,0.00073297,0.00030535,0.14407,0.73064,2.9711
0,66.626997,0.40146258,-1.3875528,0.017392122,0.19452196,0.13904266,0.0554793,0.77693406,13.045296,1.125948,0.55721537,0.14407067,1854.7388,4.3025794
0,35.7664,0.373258,-1.09521,0.0149694,0.00902238,0.00877662,0.000245766,0.893256,14.922,0.0660787,0.0151479,0.144071,43.1763,3.46525
0,6.69385,0.768083,-0.792786,0.0172164,0.000212249,0.000159813,5.24359e-05,0.948056,30.9793,0.00247597,0.000270744,0.144071,1.73611,2.98966
0,5.0605,0.839674,-0.510039,0.0137754,6.34684e-05,5.28884e-06,5.81796e-05,0.952359,33.8718,8.9577e-05,8.9558e-06,0.144071,0.0500132,2.52432
0,7.03634,0.984546,-0.894166,0.00950805,0.00120077,0.00106253,0.000138238,0.958336,39.6707,0.021101,0.00180282,0.144071,8.08783,3.17133
0,13.3935,0.582738,-1.11697,0.011311,0.0158161,0.0151931,0.000623059,0.922642,23.1369,0.178585,0.0265129,0.144071,85.7169,3.53051
0,6.91359,0.755104,-0.635195,0.0224238,5.21107e-05,1.62151e-05,3.58956e-05,0.947316,30.4607,0.000246974,2.74586e-05,0.144071,0.225668,2.72693
0,29.5415,0.432322,-1.1044,0.00978168,0.0154975,0.0150273,0.000470218,0.901675,17.1704,0.131043,0.0260862,0.144071,55.3848,3.48961
0,55.25296,0.6787311,-1.182917,0.009926609,0.0410153,0.03861411,0.002401197,0.9150037,26.25818,0.5286508,0.07047341,0.1440707,228.826,3.674698
0,42.3071,0.828024,-1.208429,0.009267182,0.0619468,0.05565177,0.006295035,0.9106925,31.3347,0.929495,0.1047595,0.1440707,380.7433,3.755872
0,7.16497,0.449913,-0.755537,0.0104046,0.00023875,0.000163909,7.48414e-05,0.914531,18.1459,0.0014875,0.000277641,0.144071,0.653326,2.90198
0,54.43705,0.3313868,-1.291735,0.0220656,0.06497039,0.05995715,0.00501324,0.8464347,12.50016,0.4007756,0.1282767,0.1440707,476.4563,3.869287
0,6.53289,0.351671,-0.717881,0.0183588,9.66073e-05,5.72796e-05,3.93277e-05,0.893328,14.1857,0.000406314,9.70074e-05,0.144071,0.322349,2.82796
0,5.71802,0.458886,-0.534614,0.0226913,3.71547e-05,4.40262e-06,3.2752e-05,0.916187,18.5116,4.07513e-05,7.45495e-06,0.144071,0.0389585,2.53606
0,47.81426,0.3328844,-1.172225,0.01184349,0.02935886,0.02864536,0.0007135055,0.8696362,13.03489,0.1923414,0.05148771,0.1440707,104.1814,3.599373
0,8.15006,0.761795,-0.95845,0.0107576,0.00229976,0.00213953,0.000160225,0.946299,30.6615,0.0328763,0.00363859,0.144071,14.4561,3.26669
0,40.1907,0.579675,-1.06945,0.0114333,0.00863204,0.00828473,0.000347311,0.926946,23.1833,0.0968697,0.0142459,0.144071,46.432,3.44386
0,7.37394,0.648372,-0.796741,0.0147175,0.000256246,0.000196683,5.95637e-05,0.939045,26.1498,0.00257227,0.000333219,0.144071,1.55662,2.98797
0,39.73016,0.33013538,-1.3604166,0.014292808,0.18154854,0.14329946,0.038249078,0.76883531,10.900343,0.9542492,0.47849816,0.14407067,1105.2028,4.103294
0,34.861576,0.61439973,-1.3389631,0.01024567,0.22494356,0.16505792,0.059885647,0.78245465,19.210537,2.0455615,0.50673401,0.14407067,1452.9079,4.1634142
0,35.21786,0.4515928,-1.185416,0.01743921,0.02367947,0.02283933,0.0008401414,0.8998728,17.78667,0.2080442,0.04142263,0.1440707,162.7478,3.646856
0,14.7905,0.201905,-0.934055,0.0159243,0.088576,0.00096261,0.0876134,0.813389,7.42376,0.00392034,0.00179681,0.144071,2.97663,3.15887
0,7.19674,0.929662,-0.837929,0.0204291,0.000291092,0.000240428,5.06644e-05,0.956619,37.4933,0.00450853,0.000407457,0.144071,3.71864,3.07432
0,7.16044,0.970908,-0.721124,0.00924874,0.00021128,0.000118526,9.27538e-05,0.95843,39.1599,0.00232122,0.000200751,0.144071,0.864687,2.88201
0,83.88314,0.2607265,-1.343136,0.02422658,0.09326036,0.0807678,0.01249257,0.8033743,9.537243,0.4247648,0.2261026,0.1440707,741.2079,3.994804
0,6.30715,0.532505,-0.706163,0.0149276,0.000113171,6.06019e-05,5.25694e-05,0.926876,21.4798,0.000650931,0.000102634,0.144071,0.404694,2.82795
0,8.0047,0.20734,-0.97484,0.01999,0.0014314,0.0013853,4.6103e-05,0.83079,8.3523,0.0057937,0.002417,0.14407,5.5365,3.232
0,7.31185,0.742065,-0.745325,0.0195664,0.000119709,7.64516e-05,4.32577e-05,0.946397,29.9326,0.00114434,0.00012949,0.144071,0.913386,2.90904
0,45.437387,0.85047051,-1.3415195,0.022624697,0.11812148,0.080793347,0.037328129,0.87320168,30.256814,1.3859898,0.23713675,0.14407067,2118.9837,4.314702
0,89.078345,0.79492649,-1.3865657,0.020437972,0.19757422,0.13746006,0.060114165,0.81528308,25.732798,2.2040867,0.46820009,0.14407067,3442.5892,4.6417062
0,6.41272,0.513656,-0.606207,0.0205535,4.92944e-05,1.21912e-05,3.71032e-05,0.924439,20.7208,0.000126311,2.06439e-05,0.144071,0.108403,2.66025
0,7.31363,0.973832,-0.809998,0.0218704,0.000201431,0.000156917,4.45142e-05,0.958555,39.2782,0.00308233,0.000265865,0.144071,2.71575,3.03005
0,50.28439,0.2333147,-1.260147,0.01191617,0.08127295,0.07942333,0.001849622,0.7973816,8.647363,0.3737793,0.1583117,0.1440707,233.1871,3.753745
0,48.90268,0.8395782,-1.164038,0.02154709,0.01532688,0.01426412,0.001062757,0.94239,33.35096,0.2415635,0.02547553,0.1440707,221.4251,3.652693
0,7.55743,0.519169,-0.888148,0.023496,0.00044147,0.00039819,4.32805e-05,0.92493,20.935,0.00416989,0.000675274,0.144071,4.09331,3.12955
0,24.3339,0.27616,-1.1188,0.0234442,0.00769473,0.00753607,0.000158661,0.863343,11.0551,0.0419789,0.0130957,0.144071,44.8105,3.49107
0,56.827993,0.44313214,-1.3587904,0.010180888,0.25180239,0.18955127,0.062251118,0.7437955,13.375337,1.6942797,0.65787068,0.14407067,1372.8236,4.1647772
0,58.36552,0.8513789,-1.165178,0.009936043,0.03343291,0.03108833,0.002344581,0.9310927,33.19786,0.5338821,0.05606049,0.1440707,226.3731,3.655929
0,7.3011,0.828954,-0.900633,0.01721,0.000711652,0.000637948,7.37046e-05,0.951353,33.4177,0.010667,0.00108228,0.144071,7.45748,3.17351
0,50.993424,0.58772941,-1.3950515,0.0099341033,0.32430508,0.32430144,3.6440702e-06,0.70743936,16.020765,3.8446027,1.0741826,0.14407067,2754.4707,4.5051123
0,7.26846,0.483791,-0.786727,0.0205408,0.000163527,0.000123928,3.95989e-05,0.920076,19.5138,0.00120935,0.000209935,0.144071,1.04246,2.95725
0,7.45378,0.649596,-0.883178,0.0168012,0.000586619,0.000522405,6.42143e-05,0.938939,26.1905,0.00684503,0.000885946,0.144071,4.73251,3.13216
0,6.43391,0.491033,-0.617383,0.0216814,4.82733e-05,1.33409e-05,3.49323e-05,0.921233,19.8082,0.000132136,2.2591e-05,0.144071,0.120043,2.67667
0,30.39727,0.2666621,-1.186652,0.02115273,0.01968016,0.01928419,0.000395977,0.8519011,10.54591,0.103726,0.03469708,0.1440707,103.5599,3.613371
0,7.73888,0.385145,-0.96754,0.0180677,0.00150215,0.00143178,7.0369e-05,0.9008,15.5141,0.0111231,0.00243476,0.144071,8.63566,3.24818
0,102.418894,0.944803742,-1.49625855,0.0128758618,0.540746013,0.353296834,0.187449179,0.545931308,17.5044998,6.73296754,3.04094457,0.144070667,14309.8092,6.93484249
0,5.47723,0.843401,-0.585592,0.0223352,4.46784e-05,8.60878e-06,3.60696e-05,0.952571,34.0228,0.000146454,1.45777e-05,0.144071,0.132553,2.64997
0,6.91091,0.334632,-0.584833,0.0148664,5.93382e-05,1.28086e-05,4.65297e-05,0.888528,13.4989,8.64557e-05,2.16891e-05,0.144071,0.0558355,2.60478
0,64.219348,0.36627542,-1.3651468,0.019844962,0.14658632,0.11135841,0.035227914,0.80225908,12.610216,0.8227274,0.36621374,0.14407067,1302.0574,4.1546726
0,25.1378,0.378467,-1.05515,0.00943315,0.00863516,0.0083746,0.000260563,0.894749,15.1362,0.0639318,0.014369,0.144071,26.1358,3.39609
0,41.49203,0.6078376,-1.166729,0.008417541,0.03918267,0.03737785,0.001804822,0.9099958,23.56045,0.4582759,0.06750504,0.1440707,167.6884,3.630665
0,6.96293,0.359735,-0.733189,0.0169109,0.00011872,7.56921e-05,4.30283e-05,0.895455,14.5106,0.000549235,0.000128196,0.144071,0.400425,2.85443
0,24.8613,0.931774,-0.981078,0.00847169,0.00390446,0.00362857,0.000275889,0.95436,37.4427,0.0681979,0.00617886,0.144071,23.4083,3.31582
0,27.88348,0.4807403,-1.17659,0.01403291,0.02640723,0.02543822,0.0009690149,0.9028125,18.88178,0.2466734,0.04596042,0.1440707,153.7498,3.633361
0,5.60008,0.875738,-0.571011,0.0248745,3.88353e-05,6.40977e-06,3.24255e-05,0.954245,35.3274,0.000113225,1.08539e-05,0.144071,0.113928,2.62761
0,6.02288,0.536998,-0.528834,0.01748,4.89619e-05,5.30612e-06,4.36557e-05,0.927484,21.6624,5.74745e-05,8.98492e-06,0.144071,0.0418113,2.53391
0,137.74192,0.87445119,-1.2921414,0.022498156,0.069896771,0.052071755,0.017825016,0.90785593,32.811183,0.91846573,0.12646815,0.14407067,1172.1154,4.0510324
0,7.81734,0.597601,-0.919689,0.020889,0.00072939,0.000671085,5.83049e-05,0.933915,24.0907,0.00808935,0.00113895,0.144071,6.9952,3.18919
0,7.0577,0.578082,-0.836696,0.021637,0.00026578,0.000223445,4.23356e-05,0.932148,23.3147,0.00260546,0.000378665,0.144071,2.33579,3.04893
0,7.25777,0.644477,-0.775572,0.0178368,0.000171442,0.000123668,4.77742e-05,0.938754,25.9949,0.00160764,0.000209488,0.144071,1.17937,2.95247
0,7.4735,0.547554,-0.870982,0.0179271,0.000473444,0.000418712,5.47321e-05,0.92851,22.0789,0.00462452,0.00070991,0.144071,3.44937,3.10346
0,12.77428,0.5965837,-1.135464,0.01904653,0.01188402,0.01139137,0.0004926466,0.9266283,23.78124,0.1370795,0.01996635,0.1440707,111.2451,3.567355
0,6.1018,0.8146,-0.619826,0.0120908,9.15303e-05,2.46851e-05,6.68451e-05,0.950947,32.8594,0.000405607,4.18025e-05,0.144071,0.199065,2.70512
0,50.58422,0.8559226,-1.152738,0.01088214,0.02618579,0.02446413,0.001721654,0.9361178,33.62527,0.4223665,0.0436277,0.1440707,194.379,3.629447
0,5.58432,0.822794,-0.565928,0.0153051,6.23023e-05,9.75898e-06,5.25434e-05,0.951431,33.1909,0.000161965,1.65254e-05,0.144071,0.10057,2.61612
0,122.4155,0.617583,-1.303404,0.01168478,0.1391529,0.1098716,0.02928129,0.8436504,21.44749,1.368693,0.2814067,0.1440707,952.8099,4.009065
0,49.80776,0.5724513,-1.180959,0.01049915,0.03742604,0.03569838,0.001727662,0.9074728,22.22941,0.412204,0.06497514,0.1440707,190.4728,3.655866
0,7.47949,0.496693,-0.773658,0.0197992,0.000149502,0.000108708,4.07942e-05,0.921996,20.0345,0.00108912,0.000184142,0.144071,0.902996,2.93678
0,42.398343,0.4409481,-1.3324516,0.018663394,0.11206883,0.088688941,0.023379887,0.84014312,15.795084,0.78882763,0.25586199,0.14407067,1023.2986,4.0554682
0,93.293065,0.98872908,-1.4008908,0.018715831,0.240494,0.1590558,0.081438203,0.79203795,30.294492,3.1721374,0.61457059,0.14407067,5014.5954,4.9806157
0,6.39938,0.716392,-0.709289,0.0198172,8.89885e-05,4.75191e-05,4.14694e-05,0.944604,28.8979,0.000686664,8.04775e-05,0.144071,0.556124,2.84744
0,46.056808,0.20386366,-1.4089767,0.013324493,0.2948058,0.22553479,0.069271016,0.63887024,5.7996757,0.92742442,0.95771615,0.14407067,1320.4316,4.2027905
0,7.22121,0.415448,-0.732003,0.0158187,0.000127638,7.96948e-05,4.79435e-05,0.908173,16.7578,0.00066784,0.000134976,0.144071,0.449068,2.85914
0,59.29104,0.7489083,-1.248326,0.01583006,0.05954034,0.05058052,0.008959813,0.9076283,28.41345,0.764077,0.1023822,0.1440707,578.3097,3.85561
0,6.48776,0.668311,-0.637585,0.0190872,6.14562e-05,1.96434e-05,4.18128e-05,0.940876,26.9592,0.000264801,3.32643e-05,0.144071,0.207363,2.72497
0,7.56291,0.880561,-0.842242,0.0172671,0.000360487,0.000300636,5.98507e-05,0.954276,35.5106,0.00533982,0.000509532,0.144071,3.73176,3.07882
0,89.091388,0.85937428,-1.4419157,0.02267547,0.26659759,0.1682883,0.098309282,0.7674022,25.426106,2.9171681,0.85917194,0.14407067,7357.5042,5.496294
0,15.1625,0.622616,-1.02662,0.0169568,0.00340445,0.00324552,0.000158931,0.934664,25.0319,0.0407595,0.00554122,0.144071,28.6831,3.37284
0,6.59419,0.291604,-0.57825,0.0181355,4.61515e-05,9.64859e-06,3.65029e-05,0.874162,11.7633,5.67522e-05,1.63379e-05,0.144071,0.0454464,2.58761
0,7.26414,0.269843,-0.609624,0.0106335,8.52599e-05,2.46216e-05,6.06383e-05,0.865358,10.885,0.000134015,4.16929e-05,0.144071,0.0635638,2.63623
0,58.78955,0.8267721,-1.183221,0.01573692,0.02665726,0.02456035,0.002096907,0.9342265,32.46435,0.4095865,0.04462728,0.1440707,278.1711,3.694617
0,20.3459,0.512677,-1.13126,0.0175646,0.0122708,0.011716,0.000554779,0.91655,20.4285,0.121157,0.0205133,0.144071,91.5359,3.54931
0,6.77101,0.916207,-0.657719,0.0146911,8.91717e-05,3.30525e-05,5.61191e-05,0.956144,36.9581,0.000610835,5.59735e-05,0.144071,0.362295,2.77381
0,5.66352,0.573545,-0.538166,0.0122865,7.15022e-05,8.51034e-06,6.29918e-05,0.931773,23.1362,9.84554e-05,1.44109e-05,0.144071,0.0501114,2.55255
0,53.79647,0.5862577,-1.210289,0.008785456,0.06404772,0.06025427,0.003793454,0.8913552,22.13591,0.7125273,0.1131754,0.1440707,281.4494,3.722924
0,7.60568,0.452081,-0.952726,0.0122965,0.0018432,0.00173996,0.000103236,0.913887,18.2041,0.0158665,0.00295759,0.144071,8.25723,3.23099
0,94.9034785,0.90402988,-1.46893625,0.0226160603,0.307301739,0.203006368,0.104295371,0.738345274,25.2628329,3.70183976,1.21885458,0.144070667,10750.5015,6.20166536
0,6.13069,0.70601,-0.688608,0.00930433,0.00016488,7.75995e-05,8.72803e-05,0.943788,28.477,0.00110508,0.000131422,0.144071,0.420542,2.81237
0,7.21125,0.710504,-0.77588,0.0213963,0.000144084,0.000103504,4.05804e-05,0.944136,28.6589,0.00148336,0.000175329,0.144071,1.29794,2.95772
0,5.91434,0.643058,-0.530974,0.0133877,6.54814e-05,7.12114e-06,5.83603e-05,0.938696,25.9404,9.23687e-05,1.20585e-05,0.144071,0.0508497,2.54611
0,6.59987,0.313488,-0.583765,0.0244306,3.55962e-05,7.68816e-06,2.7908e-05,0.881914,12.6462,4.86147e-05,1.30183e-05,0.144071,0.0519829,2.60003
0,43.77924,0.3064558,-1.189522,0.01588627,0.02701059,0.02638394,0.0006266536,0.8627202,12.02905,0.163092,0.04793461,0.1440707,121.0235,3.62764
0,5.84753,0.602838,-0.59498,0.0247754,4.02053e-05,8.75555e-06,3.14498e-05,0.934891,24.3186,0.000106466,1.48261e-05,0.144071,0.108909,2.64926
0,6.11611,0.985305,-0.686929,0.0247202,6.2719e-05,2.85854e-05,3.41336e-05,0.959107,39.7465,0.000568121,4.84098e-05,0.144071,0.565268,2.82592
0,6.1194,0.454436,-0.676666,0.0125768,0.00010926,4.9247e-05,6.00126e-05,0.91539,18.3308,0.000451417,8.33996e-05,0.144071,0.239412,2.77145
0,5.9847,0.381311,-0.560764,0.0130953,6.53028e-05,1.0674e-05,5.46288e-05,0.900813,15.3818,8.20979e-05,1.80745e-05,0.144071,0.0460671,2.57082
0,37.913681,0.62103935,-1.3393511,0.013659342,0.1749767,0.12706866,0.047908044,0.81868764,20.670001,1.5917788,0.38199286,0.14407067,1501.5667,4.1749437
0,5.96111,0.941598,-0.698356,0.0199041,8.3432e-05,4.11135e-05,4.23185e-05,0.957278,37.9826,0.000780864,6.9628e-05,0.144071,0.626773,2.84266
0,7.43352,0.463218,-0.884008,0.0156779,0.000627305,0.000565797,6.1508e-05,0.916531,18.6753,0.00528653,0.000959601,0.144071,3.49412,3.11716
0,6.44072,0.466452,-0.599164,0.0242142,4.03728e-05,9.45318e-06,3.09197e-05,0.917432,18.8168,8.89427e-05,1.60074e-05,0.144071,0.0906148,2.64399
0,7.45327,0.306327,-0.821328,0.021169,0.000222393,0.000187505,3.48879e-05,0.879371,12.355,0.00115857,0.000317704,0.144071,1.07704,2.99354
0,34.959058,0.92065304,-1.3296766,0.018587232,0.12814747,0.088333137,0.039814329,0.86998787,32.381294,1.6403813,0.24791433,0.14407067,1954.9456,4.2668654
0,7.66227,0.346259,-0.971975,0.0195031,0.00146701,0.00140387,6.31447e-05,0.890986,13.9482,0.00980511,0.00238776,0.144071,8.30962,3.25057
0,6.03994,0.823003,-0.690696,0.0142342,0.000110487,5.21037e-05,5.83828e-05,0.951411,33.1977,0.000864957,8.82403e-05,0.144071,0.499548,2.82332
0,7.32303,0.297475,-0.822413,0.0165527,0.000287311,0.000243153,4.41583e-05,0.876189,11.9972,0.001459,0.000412009,0.144071,1.06438,2.99401
0,23.7881,0.539915,-1.11652,0.0196292,0.00907323,0.00873906,0.000334169,0.922066,21.5835,0.0951733,0.015189,0.144071,79.548,3.52502
0,7.65978,0.664629,-0.799302,0.0100855,0.000384262,0.000296588,8.76733e-05,0.940361,26.802,0.00397611,0.000502518,0.144071,1.64649,2.99343
0,19.4063,0.528721,-1.11177,0.00892645,0.0186817,0.0180112,0.000670521,0.91448,20.9311,0.192085,0.0314232,0.144071,73.1786,3.51475
0,5.96964,0.521097,-0.593943,0.0105256,9.30053e-05,2.03359e-05,7.26694e-05,0.925409,21.02,0.00021375,3.44364e-05,0.144071,0.093843,2.64057
0,27.523,0.77629,-1.04021,0.0226536,0.00305043,0.00288881,0.000161621,0.946736,31.2214,0.0452343,0.0049387,0.144071,42.0543,3.40868
0,6.27188,0.558112,-0.612508,0.0118571,8.80708e-05,2.29136e-05,6.51572e-05,0.930009,22.5132,0.000257953,3.88019e-05,0.144071,0.126946,2.67467
0,62.84581,0.3374641,-1.218245,0.008463156,0.07090838,0.06890555,0.002002831,0.8444004,12.64857,0.4690369,0.1301277,0.1440707,188.0323,3.692016
0,28.061,0.538259,-1.11406,0.0176037,0.00980619,0.00944651,0.000359681,0.921391,21.5014,0.102562,0.0164096,0.144071,76.8358,3.52025
0,29.0235,0.521948,-1.1154,0.0131284,0.0133349,0.0128603,0.000474626,0.917042,20.7755,0.135395,0.0223866,0.144071,75.8926,3.52078
0,7.34569,0.651412,-0.915406,0.0148247,0.000978385,0.000894964,8.3421e-05,0.938846,26.2534,0.0117594,0.00151896,0.144071,7.17729,3.18626
0,53.1998538,0.863959043,-1.64993247,0.016674546,0.796647035,0.5358752,0.260771835,0.283798684,7.08759397,9.33860452,16.9041145,0.144070667,80236.5456,19.979004
0,6.43026,0.453408,-0.71562,0.0205649,8.68106e-05,4.96707e-05,3.71399e-05,0.915229,18.2897,0.000454271,8.41212e-05,0.144071,0.394047,2.83603
0,7.64973,0.620397,-0.937443,0.0243856,0.000777469,0.00072174,5.57291e-05,0.936142,25.0085,0.00903183,0.00122554,0.144071,9.10008,3.22086
0,39.896285,0.36935919,-1.476403,0.018887027,0.37238313,0.24814575,0.12423737,0.6396294,9.3518747,1.8487616,1.6064155,0.14407067,5056.2564,5.0646429
0,58.09016,0.6081294,-1.206796,0.02012552,0.02721155,0.02550553,0.001706021,0.9178105,23.86545,0.3128639,0.04723755,0.1440707,281.7658,3.719551
0,6.80849,0.266422,-0.618953,0.01055,8.88287e-05,2.79759e-05,6.08528e-05,0.863863,10.747,0.000150341,4.73731e-05,0.144071,0.0708703,2.65115
0,25.9233,0.688583,-1.03607,0.0200418,0.00325692,0.00309767,0.000159251,0.940453,27.6882,0.0430245,0.00529343,0.144071,35.6016,3.39473
0,49.4721,0.3968565,-1.217752,0.02157612,0.02822816,0.02719974,0.001028416,0.8864557,15.55797,0.2177326,0.0507197,0.1440707,218.9189,3.705335
0,15.863,0.51538,-1.01977,0.0126674,0.00415274,0.00397784,0.000174897,0.922052,20.705,0.0413524,0.00679244,0.144071,22.0227,3.35111
0,7.96553,0.672029,-0.937485,0.0227619,0.000835612,0.000773623,6.19888e-05,0.940685,27.0882,0.0104868,0.00131367,0.144071,9.81452,3.22493
0,6.30372,0.838483,-0.640091,0.00925636,0.000130131,4.18293e-05,8.83016e-05,0.952251,33.8215,0.000707457,7.08369e-05,0.144071,0.265447,2.74018
0,8.06831,0.830217,-0.937261,0.0144857,0.0013196,0.0012118,0.000107795,0.951028,33.4483,0.0202931,0.0020583,0.144071,11.9527,3.23525
0,46.804494,0.25433732,-1.4262118,0.020540936,0.24533774,0.17228208,0.073055665,0.69982686,7.7431538,0.88384348,0.77519822,0.14407067,2008.1568,4.3751133
0,8.46323,0.456508,-0.972791,0.00899356,0.00323305,0.0030734,0.000159649,0.913758,18.3568,0.0283004,0.00523259,0.144071,10.7758,3.26522
0,50.86759,0.3679027,-1.336698,0.01249167,0.167587,0.137631,0.02995599,0.7881997,12.35455,1.02135,0.4037069,0.1440707,900.9788,4.029421
0,6.31679,0.993906,-0.651332,0.0216473,5.8901e-05,2.06649e-05,3.82361e-05,0.959449,40.0936,0.000414289,3.49947e-05,0.144071,0.360824,2.76721
0,7.6589,0.923195,-0.794313,0.0114044,0.000327863,0.000246019,8.18434e-05,0.956306,37.2311,0.00458129,0.000416818,0.144071,2.10943,3.00126
0,7.2847,0.726467,-0.740545,0.0194638,0.000115674,7.22782e-05,4.3396e-05,0.945313,29.3036,0.00105913,0.000122419,0.144071,0.841898,2.90005
0,6.20172,0.572485,-0.629128,0.0132548,8.42824e-05,2.53751e-05,5.89073e-05,0.931648,23.0931,0.00029302,4.29705e-05,0.144071,0.16092,2.70348
0,7.52541,0.485243,-0.928233,0.0166241,0.00101052,0.000940735,6.97888e-05,0.919757,19.5558,0.00920772,0.00159715,0.144071,6.43465,3.19333
0,7.32846,0.318706,-0.845371,0.0107199,0.000576353,0.000504055,7.22978e-05,0.883287,12.8498,0.00324036,0.000854389,0.144071,1.51871,3.03532
0,13.1948,0.216521,-0.636999,0.019185,5.48421e-05,1.93993e-05,3.54427e-05,0.837617,8.73438,8.47253e-05,3.28467e-05,0.144071,0.0748993,2.67204
0,34.315067,0.54644166,-1.3271892,0.0085398633,0.22716342,0.17598092,0.0511825,0.77457092,17.036746,1.9397,0.52262448,0.14407067,1118.9314,4.0733668
0,7.43008,0.400136,-0.937374,0.0240156,0.000778459,0.000732236,4.62236e-05,0.904586,16.1297,0.00590995,0.00124333,0.144071,6.06864,3.19939
0,54.65049,0.2490466,-1.192361,0.01240131,0.03583201,0.03515809,0.0006739268,0.8337677,9.68698,0.1766164,0.06368592,0.1440707,104.5904,3.61979
0,27.7961,0.467227,-1.07026,0.0172914,0.00573453,0.00553981,0.00019472,0.913936,18.7407,0.0522093,0.00951789,0.144071,38.466,3.43345
0,38.542209,0.79143286,-1.3466705,0.019138106,0.14232346,0.097860156,0.044463302,0.85369984,27.383741,1.5622306,0.29951374,0.14407067,2095.7556,4.314776
0,7.34176,0.556831,-0.938898,0.0140475,0.00136876,0.00127609,9.2669e-05,0.92904,22.4328,0.0143328,0.00216761,0.144071,8.38042,3.21795
0,6.39836,0.304928,-0.547226,0.0170478,4.64581e-05,6.89064e-06,3.95674e-05,0.878995,12.3008,4.23821e-05,1.16678e-05,0.144071,0.0317279,2.53812
0,39.24918,0.503525,-1.241608,0.01037263,0.07863409,0.07329262,0.005341465,0.8717692,18.7158,0.7444001,0.1433321,0.1440707,363.8114,3.783426
0,7.74651,0.473751,-0.927914,0.0204132,0.000819266,0.000763074,5.61918e-05,0.918105,19.0963,0.00729192,0.00129538,0.144071,6.26905,3.19164
0,5.94202,0.534248,-0.560522,0.0231824,3.89422e-05,6.01084e-06,3.29314e-05,0.927144,21.5517,6.47743e-05,1.01783e-05,0.144071,0.0625177,2.58627
0,6.91675,0.735672,-0.831563,0.0162344,0.000337998,0.000278802,5.91963e-05,0.945816,29.6683,0.00413719,0.000472476,0.144071,2.74245,3.05212
0,7.71361,0.51391,-0.969357,0.0124544,0.00224536,0.00212502,0.000120342,0.923072,20.6855,0.022028,0.00361549,0.144071,11.5016,3.26528
0,7.50123,0.653409,-0.938958,0.0137818,0.00140348,0.00130165,0.000101831,0.938746,26.3227,0.0171556,0.00221112,0.144071,9.73948,3.22599
0,6.87428,0.834178,-0.829758,0.0122282,0.000442292,0.000361645,8.06464e-05,0.951815,33.6373,0.00608508,0.000612894,0.144071,3.01894,3.0553
0,6.6717,0.951239,-0.865423,0.0142992,0.000568671,0.00048876,7.99102e-05,0.957377,38.3528,0.00937801,0.000828682,0.144071,5.41069,3.12141
0,63.81407,0.8365319,-1.233323,0.02032468,0.03956664,0.03376965,0.005796993,0.9261265,32.41193,0.5698155,0.06576385,0.1440707,533.191,3.827672
0,43.0488,0.55111,-1.08847,0.0200532,0.0062557,0.00601887,0.000236823,0.925231,22.0937,0.066908,0.0103694,0.144071,56.5968,3.47502
0,8.81443,0.590937,-1.00106,0.0218977,0.00190729,0.00181314,9.41586e-05,0.932469,23.794,0.0216121,0.00308994,0.144071,19.6797,3.32617
0,7.25047,0.830963,-0.904916,0.0194037,0.000664601,0.00059778,6.68211e-05,0.951494,33.5003,0.0100196,0.00101421,0.144071,7.89753,3.18082
0,56.53794,0.5143981,-1.273599,0.01200173,0.09903825,0.08712767,0.01191058,0.8595842,18.69652,0.9040254,0.1868306,0.1440707,555.9065,3.874503
0,7.54656,0.838012,-0.92629,0.0165993,0.00100719,0.000918923,8.82704e-05,0.951657,33.7728,0.015533,0.00156012,0.144071,10.4754,3.21721
0,5.47717,0.835518,-0.549628,0.0155285,5.96852e-05,7.80158e-06,5.18837e-05,0.952136,33.7043,0.000131481,1.32108e-05,0.144071,0.0827715,2.5898
0,51.142848,0.3709849,-1.4338675,0.01508153,0.29434869,0.29434688,1.8148057e-06,0.69985505,10.560915,2.2026264,1.1649157,0.14407067,3021.8346,4.600606
0,6.46754,0.493925,-0.69,0.0228463,6.58637e-05,3.2175e-05,3.36887e-05,0.921647,19.9245,0.000320556,5.44881e-05,0.144071,0.306745,2.79753
0,7.63058,0.784867,-0.940064,0.0170741,0.00115634,0.00106577,9.05761e-05,0.948496,31.6263,0.0168727,0.00181029,0.144071,11.7473,3.23712
0,50.42961,0.2462523,-1.281746,0.01753285,0.1234013,0.1214701,0.001931198,0.8033413,8.708358,0.6033576,0.1419984,0.1440707,307.6163,3.80403
0,34.374168,0.38192131,-1.3445419,0.024282315,0.098822406,0.077912807,0.020909599,0.83734827,13.884794,0.60021648,0.22969506,0.14407067,1054.1742,4.0750815
0,55.66535,0.8257099,-1.241023,0.02077108,0.0425488,0.03581979,0.006729006,0.9235499,31.89329,0.5965897,0.07104123,0.1440707,580.8257,3.849019
0,29.7488,0.961619,-1.06607,0.0172873,0.00559417,0.00525182,0.000342346,0.954535,38.5764,0.101868,0.00902104,0.144071,71.8373,3.46783
0,7.81279,0.948747,-0.796962,0.0190102,0.0002023,0.000152704,4.95953e-05,0.957509,38.2664,0.00292232,0.000258707,0.144071,2.24031,3.00703
0,7.42297,0.697946,-0.78612,0.00905155,0.000375776,0.000279013,9.67626e-05,0.94304,28.1458,0.003928,0.000472707,0.144071,1.45558,2.97388
0,22.7464,0.260156,-1.10816,0.0194815,0.00809047,0.00792909,0.00016139,0.856135,10.4102,0.0416085,0.0137466,0.144071,37.1172,3.46926
0,7.71407,0.313732,-0.964866,0.0185135,0.001411,0.00135035,6.06478e-05,0.881141,12.6386,0.00854536,0.0022959,0.144071,6.94919,3.23401
0,62.2308,0.801445,-1.04681,0.011421,0.00657711,0.00622397,0.000353143,0.945973,32.1191,0.100616,0.0106623,0.144071,47.1281,3.42212
0,62.16407,0.9760409,-1.192904,0.02147013,0.02292498,0.02035115,0.002573829,0.9436491,38.47256,0.4006657,0.03704287,0.1440707,369.5874,3.736653
0,6.00154,0.822924,-0.695951,0.0157159,0.000103296,5.04859e-05,5.28098e-05,0.951411,33.1948,0.000838022,8.55009e-05,0.144071,0.534379,2.83204
0,29.271,0.573465,-1.10789,0.00965053,0.0165275,0.0158889,0.000638624,0.921178,22.7522,0.183792,0.0276515,0.144071,75.1254,3.51259
0,58.99617,0.5593054,-1.277831,0.01225568,0.1043048,0.08901342,0.01529135,0.8614377,20.20991,1.004222,0.1931798,0.1440707,633.107,3.900408
0,6.07448,0.72957,-0.686138,0.0242155,6.25413e-05,2.88863e-05,3.3655e-05,0.945567,29.4303,0.000425093,4.8919e-05,0.144071,0.420253,2.80986
0,5.66392,0.972049,-0.580757,0.0112233,8.85634e-05,1.61002e-05,7.24632e-05,0.958557,39.2107,0.000315678,2.72639e-05,0.144071,0.142671,2.64892
0,7.40777,0.809531,-0.906403,0.00981385,0.00133594,0.00120428,0.000131659,0.949849,32.6143,0.0196646,0.00204395,0.144071,7.85057,3.18199
0,20.3406,0.333934,-1.07262,0.0168432,0.00601648,0.00585888,0.000157599,0.884603,13.3905,0.039464,0.0100718,0.144071,29.2694,3.41998
0,7.41706,0.845884,-0.818059,0.0162392,0.00029363,0.000234365,5.9265e-05,0.952542,34.1144,0.00399879,0.000397118,0.144071,2.63254,3.03649
0,5.89297,0.582248,-0.562314,0.0133325,6.86844e-05,1.06947e-05,5.79896e-05,0.932726,23.4873,0.000125604,1.81099e-05,0.144071,0.0693016,2.59336
0,54.33829,0.2200878,-1.214887,0.008407804,0.06810005,0.06694072,0.001159328,0.7981961,8.274093,0.2971745,0.1254548,0.1440707,124.6287,3.655214
0,7.34801,0.684744,-0.861807,0.0166251,0.000462865,0.000401357,6.15082e-05,0.941954,27.611,0.00554349,0.000680408,0.144071,3.77941,3.09905
0,50.79175,0.3489984,-1.296377,0.02141542,0.07000115,0.06342492,0.006576231,0.8481372,13.09366,0.4464867,0.1402901,0.1440707,528.6717,3.889411
0,16.94,0.530987,-1.02679,0.0175427,0.00328001,0.00314267,0.000137341,0.924658,21.3507,0.0336595,0.00536786,0.144071,24.7837,3.36474
0,5.63177,0.771897,-0.52729,0.0106565,8.31926e-05,8.53258e-06,7.466e-05,0.948382,31.1371,0.000132851,1.44487e-05,0.144071,0.0576205,2.54885
0,7.44207,0.79531,-0.804559,0.023969,0.000172113,0.000133524,3.8589e-05,0.949766,32.0787,0.00214201,0.000226218,0.144071,2.08744,3.01097
0,7.39488,0.282686,-0.925877,0.0221104,0.000726995,0.000686355,4.06403e-05,0.870287,11.3958,0.00391362,0.00116506,0.144071,3.8447,3.16401
0,7.73323,0.5591,-0.845564,0.0202485,0.000313234,0.00026755,4.56847e-05,0.92998,22.548,0.0030173,0.00045345,0.144071,2.53743,3.06209
0,9.20935,0.829101,-0.97724,0.0137754,0.00227773,0.00212542,0.000152316,0.950344,33.3712,0.0355448,0.00361714,0.144071,19.9434,3.30308
0,7.07206,0.521769,-0.608195,0.0229279,4.45332e-05,1.12113e-05,3.33218e-05,0.925529,21.0482,0.000117994,1.89848e-05,0.144071,0.112832,2.6643
0,7.20628,0.376875,-0.908994,0.0152388,0.000865351,0.000801972,6.33795e-05,0.899261,15.1907,0.00609652,0.00136085,0.144071,3.99291,3.1491
0,45.28293,0.3268169,-1.24167,0.01186636,0.06667416,0.06452113,0.002153022,0.8440298,12.30532,0.4253355,0.1253888,0.1440707,247.2572,3.74101
0,7.09278,0.263443,-0.758592,0.0138299,0.000176026,0.000128255,4.77715e-05,0.862483,10.6259,0.000681532,0.000217237,0.144071,0.421897,2.88252
0,35.155028,0.79220557,-1.319212,0.015135179,0.13206971,0.095221399,0.036848313,0.86084358,27.738176,1.5215899,0.26616599,0.14407067,1479.555,4.1497714
0,16.1108,0.780176,-1.10332,0.0134767,0.0113396,0.0107567,0.000582942,0.94159,31.1168,0.169277,0.0186732,0.144071,94.7919,3.52379
0,63.38386,0.6359572,-1.210507,0.02373454,0.02447429,0.02274143,0.00173286,0.9221942,25.02775,0.2917231,0.04201003,0.1440707,308.44,3.733089
0,47.1675146,0.479463356,-1.63758831,0.00955985594,0.944724848,0.644951466,0.299773382,0.0846820111,1.06915466,6.23745788,25.1613454,0.144070667,34615.6034,11.0646172
0,5.96794,0.392815,-0.615415,0.00907089,0.00011093,3.10911e-05,7.98386e-05,0.903408,15.8451,0.000246348,5.26498e-05,0.144071,0.0954761,2.66293
0,7.26165,0.66446,-0.755681,0.00970268,0.000262618,0.000176088,8.65295e-05,0.940425,26.7985,0.00236007,0.000298279,0.144071,0.940022,2.92087
0,13.9158,0.7476949,-1.137487,0.01875602,0.01250127,0.01183939,0.0006618766,0.9387402,29.78627,0.1785579,0.02080923,0.1440707,141.1578,3.587422
0,57.40005,0.587873,-1.214572,0.01521815,0.03945165,0.03691951,0.002532142,0.907739,22.78022,0.4377888,0.06903164,0.1440707,300.4999,3.734272
0,7.58789,0.928257,-0.787835,0.0213615,0.000164119,0.000120872,4.3247e-05,0.956639,37.4414,0.00226317,0.000204764,0.144071,1.95131,2.99075
0,8.077,0.20035,-0.97689,0.020845,0.0014704,0.0013988,7.1585e-05,0.82594,8.0705,0.0056529,0.0023798,0.14407,5.5248,3.234
0,48.16599,0.3108469,-1.335799,0.01397979,0.1485425,0.1271041,0.02143842,0.7860655,10.67738,0.7969503,0.3565905,0.1440707,771.816,3.99549
0,19.2134,0.394492,-1.05513,0.0243315,0.00335668,0.00325222,0.000104463,0.901733,15.8611,0.0258788,0.00556948,0.144071,27.1692,3.39826
0,6.61623,0.782878,-0.647143,0.0146254,8.44151e-05,2.89841e-05,5.5431e-05,0.949068,31.58,0.000457699,4.90831e-05,0.144071,0.272266,2.74854
0,7.43116,0.448823,-0.862837,0.0127809,0.000599586,0.000528996,7.05904e-05,0.914113,18.0955,0.00478909,0.000896846,0.144071,2.58634,3.08035
0,7.48496,0.694099,-0.928932,0.0101498,0.00168848,0.0015541,0.000134378,0.941896,27.9539,0.0217583,0.00263952,0.144071,9.06273,3.21213
0,7.17418,0.707694,-0.764984,0.00846565,0.000328533,0.000227419,0.000101114,0.943808,28.5403,0.00324636,0.000385254,0.144071,1.12414,2.9394
0,58.494385,0.65633878,-1.3735121,0.010579645,0.28649512,0.19657811,0.089917008,0.74124991,18.892098,2.6024859,0.76485512,0.14407067,2350.732,4.3970293
0,6.81771,0.671555,-0.653988,0.0159396,7.93199e-05,2.90385e-05,5.02813e-05,0.941134,27.0896,0.000393352,4.91751e-05,0.144071,0.257165,2.75245
0,7.47707,0.516829,-0.916573,0.0112606,0.00129618,0.0011958,0.00010038,0.924072,20.8228,0.0124661,0.00202992,0.144071,5.871,3.17685
0,11.3564,0.468971,-1.14193,0.0138887,0.0174684,0.0168958,0.000572596,0.906722,18.5887,0.159827,0.0297541,0.144071,96.5648,3.5637
0,8.17538,0.575638,-0.97749,0.0130247,0.00238445,0.00225482,0.000129622,0.930521,23.1669,0.0261811,0.00383789,0.144071,14.1853,3.28471
0,5.8306,0.718289,-0.58331,0.0107599,9.11352e-05,1.73535e-05,7.37817e-05,0.944741,28.9744,0.000251427,2.93862e-05,0.144071,0.110533,2.63835
0,56.00894,0.9967251,-1.235344,0.009282055,0.090148,0.07394211,0.01620589,0.8991265,36.58485,1.486594,0.1477893,0.1440707,636.2166,3.858776
0,7.75875,0.684015,-0.906497,0.0224068,0.000582291,0.0005283,5.39919e-05,0.941819,27.5783,0.00728905,0.000896294,0.144071,6.70299,3.17374
0,7.87105,0.891541,-0.822649,0.0211294,0.000237625,0.00019106,4.65647e-05,0.95489,35.9578,0.00343587,0.000323746,0.144071,2.93609,3.04675
0,48.113324,0.87743169,-1.3413193,0.011465091,0.21802591,0.14981466,0.068211246,0.80341416,27.679666,2.6515072,0.46675286,0.14407067,2101.4699,4.3106744
0,6.79844,0.294016,-0.72843,0.0219876,8.58566e-05,5.47655e-05,3.10911e-05,0.875041,11.8601,0.000324791,9.27502e-05,0.144071,0.315058,2.83733
0,24.7802,0.360019,-1.05778,0.00963389,0.00873069,0.00847852,0.000252168,0.890124,14.397,0.0615703,0.0145537,0.144071,25.8485,3.3981
0,8.19168,0.549406,-0.99687,0.0154459,0.00255919,0.00243592,0.000123272,0.927398,22.1073,0.0269949,0.00415108,0.144071,17.4213,3.31528
0,7.7971,0.92023,-0.742943,0.00925216,0.000250751,0.000156796,9.39554e-05,0.956222,37.1144,0.00291042,0.00026559,0.144071,1.08712,2.91563
0,24.0707,0.516909,-1.05107,0.0180586,0.00432522,0.00415976,0.000165457,0.922147,20.7628,0.0433718,0.00712284,0.144071,33.0112,3.40535
0,6.28786,0.68974,-0.6799,0.0196181,7.41742e-05,3.29102e-05,4.1264e-05,0.942598,27.8233,0.000457869,5.57331e-05,0.144071,0.367866,2.79677
0,6.14177,0.438089,-0.581957,0.0148616,6.21063e-05,1.23479e-05,4.97583e-05,0.912541,17.6722,0.000109114,2.09093e-05,0.144071,0.0685931,2.61248
0,13.4956,0.566628,-1.02413,0.0244703,0.00227971,0.00217907,0.00010064,0.929583,22.8067,0.0249055,0.00371893,0.144071,25.4488,3.36357
0,45.2352903,0.370615256,-1.54228099,0.0167029546,0.552093763,0.360101428,0.191992334,0.493410964,6.69677286,2.69198916,4.23375005,0.144070667,10939.8815,6.3126819
0,51.76672,0.967313,-1.184569,0.01070032,0.04054622,0.03653018,0.004016035,0.931601,37.4409,0.7127611,0.06677938,0.1440707,327.3353,3.713875
0,98.1103345,0.519913091,-1.54764167,0.0185480977,0.505296009,0.335469607,0.169826401,0.552731174,10.3760327,3.51810748,4.08435416,0.144070667,16209.793,7.3615775
0,5.88132,0.92368,-0.544011,0.00988661,9.31185e-05,1.14005e-05,8.1718e-05,0.956481,37.2594,0.000212408,1.93054e-05,0.144071,0.0847467,2.5854
0,5.91089,0.452698,-0.680503,0.0207994,6.75683e-05,3.12828e-05,3.62856e-05,0.91512,18.2614,0.000285653,5.29766e-05,0.144071,0.250628,2.77764
0,55.58889,0.7347849,-1.233404,0.02037145,0.03874465,0.03402184,0.004722815,0.9205284,28.49405,0.5042468,0.06568139,0.1440707,472.0833,3.809632
0,8.25588,0.226676,-1.01801,0.0233676,0.00216383,0.00210957,5.42587e-05,0.842476,9.12472,0.00964549,0.0036,0.144071,10.3852,3.30847
0,7.36444,0.824146,-0.879264,0.0108057,0.000878938,0.000772371,0.000106567,0.950977,33.2183,0.0128397,0.00130997,0.144071,5.63583,3.13739
0,56.211,0.9916819,-1.159717,0.01910978,0.01662781,0.01523857,0.001389239,0.9484837,39.34101,0.3048188,0.02717394,0.1440707,245.5055,3.658352
0,55.374537,0.44446359,-1.3563892,0.011856186,0.22083466,0.16650006,0.054334608,0.76711146,13.97079,1.492711,0.54775519,0.14407067,1348.1286,4.156648
0,6.19978,0.500117,-0.53157,0.0229199,3.71052e-05,4.19157e-06,3.29136e-05,0.92256,20.1749,4.22837e-05,7.0976e-06,0.144071,0.0405487,2.53507
0,57.64071,0.6949404,-1.172209,0.008426784,0.0422125,0.03984986,0.002362644,0.9154942,26.85171,0.5585982,0.0723482,0.1440707,203.8183,3.653187
0,13.3489,0.567378,-0.664891,0.0216812,6.07e-05,2.45582e-05,3.61418e-05,0.93109,22.8877,0.000281057,4.15873e-05,0.144071,0.252634,2.76243
0,30.8787,0.397397,-1.09294,0.0222138,0.00592075,0.00575043,0.000170324,0.900749,15.9368,0.0460946,0.00991485,0.144071,44.4163,3.46468
0,7.02317,0.331978,-0.805894,0.0229036,0.000174768,0.000142155,3.26128e-05,0.887666,13.3902,0.00095191,0.000240835,0.144071,0.948419,2.97154
0,6.66455,0.372477,-0.666493,0.0113299,0.00011149,4.79711e-05,6.35188e-05,0.898671,15.0247,0.000360416,8.12374e-05,0.144071,0.175399,2.74527
0,83.385293,0.73876521,-1.4056083,0.010388905,0.40190654,0.27335891,0.12854763,0.65640493,17.825046,4.073473,1.1763252,0.14407067,3782.6251,4.7316181
0,6.34201,0.733548,-0.640067,0.0140541,8.47151e-05,2.75418e-05,5.71733e-05,0.945831,29.5901,0.000407518,4.66403e-05,0.144071,0.233742,2.73361
0,7.5247,0.365221,-0.92022,0.00974711,0.00154914,0.00144741,0.000101723,0.895965,14.7108,0.0106628,0.00245758,0.144071,4.48297,3.16637
0,54.549976,0.29484579,-1.4706486,0.019074387,0.30315728,0.30315589,1.3864867e-06,0.67382214,8.2886703,1.8029601,1.4773062,0.14407067,3950.9179,4.8315748
0,108.45245,0.31047118,-1.3717622,0.011622669,0.23678073,0.185087,0.051693725,0.72399515,9.5592932,1.1591039,0.68074241,0.14407067,1190.7377,4.1350794
0,7.51262,0.916554,-0.851609,0.0140116,0.000494565,0.000417787,7.67779e-05,0.955896,36.9572,0.00772393,0.000708199,0.144071,4.3729,3.09646
0,46.45669,0.7507423,-1.259034,0.02208652,0.04952077,0.04090245,0.008618314,0.9144658,28.78649,0.6193917,0.08420026,0.1440707,667.2662,3.890944
0,7.1335,0.905605,-0.743834,0.0202864,0.000115157,7.23389e-05,4.28184e-05,0.955637,36.5295,0.0013214,0.000122524,0.144071,1.08296,2.91633
0,14.3014,0.930373,-0.980352,0.0177721,0.00184586,0.00171518,0.000130681,0.955639,37.4636,0.0321878,0.00291802,0.144071,23.1729,3.31453
0,8.40475,0.320775,-1.02799,0.0126639,0.00455184,0.0044158,0.00013604,0.881476,12.8817,0.0285717,0.00755088,0.144071,15.9282,3.3415
0,26.3479,0.867718,-1.02802,0.0183407,0.0032451,0.00305399,0.000191117,0.951758,34.8917,0.0534529,0.00521575,0.144071,39.9729,3.39348
0,6.0288,0.353826,-0.696047,0.0106126,0.000142189,7.48564e-05,6.73323e-05,0.89388,14.2719,0.000534249,0.000126773,0.144071,0.244845,2.79198
0,5.385,0.902393,-0.546728,0.00894067,0.000103251,1.30544e-05,9.01967e-05,0.955494,36.4004,0.000237617,2.21061e-05,0.144071,0.0858219,2.58876
0,7.0784,0.436338,-0.648749,0.0163205,7.21104e-05,2.65156e-05,4.55948e-05,0.912215,17.6014,0.000233372,4.49018e-05,0.144071,0.16117,2.72318
0,62.11055,0.7523209,-1.195737,0.02124675,0.02302887,0.02123409,0.001794784,0.9321284,29.65104,0.322227,0.03881956,0.1440707,299.0506,3.714907
0,12.1472,0.26579,-1.05916,0.0182016,0.00467972,0.00457122,0.000108497,0.860767,10.6723,0.0245074,0.00784048,0.144071,20.1679,3.38562
0,8.03942,0.974903,-0.926645,0.0218364,0.00077412,0.000701801,7.23183e-05,0.958226,39.2989,0.0138007,0.00119137,0.144071,12.1612,3.22556
0,7.62764,0.802648,-0.744686,0.0142052,0.000164721,0.000104441,6.028e-05,0.950207,32.3749,0.00169091,0.0001769,0.144071,0.975898,2.91181
0,6.00813,0.901898,-0.635926,0.00927871,0.000127703,3.9555e-05,8.81475e-05,0.955455,36.3795,0.000719588,6.69854e-05,0.144071,0.269744,2.73684
0,36.222482,0.60241959,-1.3467971,0.012664625,0.2050019,0.14797404,0.05702786,0.79668676,19.320588,1.7980832,0.45334584,0.14407067,1587.0552,4.2018352
0,6.18774,0.617867,-0.597346,0.0197607,5.09073e-05,1.13162e-05,3.95912e-05,0.936366,24.9246,0.000141033,1.91623e-05,0.144071,0.114887,2.65437
0,89.885634,0.4867798,-1.4976587,0.018711929,0.39672857,0.26248877,0.1342398,0.63904018,11.846784,2.5773206,2.1304782,0.14407067,8423.7466,5.7660377
0,22.8261,0.863588,-1.08738,0.0176629,0.00712446,0.00672622,0.000398234,0.949021,34.5905,0.117166,0.0116094,0.144071,85.1907,3.5005
0,37.77687,0.2412734,-1.265659,0.02182956,0.04752615,0.04628314,0.001243013,0.8226322,9.270809,0.2252462,0.09275818,0.1440707,260.1037,3.770097
0,7.47245,0.688831,-0.814775,0.0176245,0.000258938,0.000207033,5.19059e-05,0.942408,27.7815,0.00287658,0.000350793,0.144071,2.0774,3.02093
0,47.10362,0.9194193,-1.154962,0.01826789,0.01622666,0.01503682,0.001189842,0.9457267,36.48916,0.2788654,0.02674181,0.1440707,214.8397,3.640786
0,35.388402,0.57293804,-1.327363,0.0090951684,0.21800381,0.166691,0.051312811,0.78385795,18.074548,1.9263934,0.4918121,0.14407067,1175.6482,4.0870947
0,15.20641,0.8094505,-1.11284,0.01718597,0.01005622,0.0095122,0.0005440247,0.9441717,32.3263,0.1553089,0.01654754,0.1440707,110.9813,3.544558
0,7.38672,0.600657,-0.660813,0.0228355,5.66514e-05,2.21267e-05,3.45247e-05,0.934659,24.2302,0.000268083,3.74701e-05,0.144071,0.252835,2.7584
0,7.90183,0.814988,-0.94451,0.0115278,0.0018112,0.00167049,0.00014071,0.949854,32.8185,0.0274612,0.00283883,0.144071,12.888,3.24655
0,5.53077,0.87508,-0.577705,0.0177248,5.54891e-05,9.80288e-06,4.56862e-05,0.954202,35.3003,0.000173032,1.65998e-05,0.144071,0.124068,2.63869
0,36.28945,0.3319202,-1.192257,0.01717709,0.02587983,0.02521949,0.0006603423,0.87154,13.04372,0.1688477,0.04591746,0.1440707,134.5485,3.638445
0,5.93767,0.964313,-0.651036,0.014286,8.90266e-05,3.1194e-05,5.78325e-05,0.958238,38.8986,0.000606757,5.28259e-05,0.144071,0.349185,2.76523
0,6.78024,0.561677,-0.704104,0.0109243,0.000153411,8.06474e-05,7.27637e-05,0.930381,22.6556,0.000913698,0.000136585,0.144071,0.414141,2.82708
0,21.34126,0.6616233,-1.15596,0.01618182,0.01808311,0.01719287,0.0008902319,0.9286477,26.20841,0.2294481,0.03057883,0.1440707,159.1752,3.615566
0,7.57877,0.828671,-0.827664,0.00971613,0.000543853,0.000443052,0.000100801,0.951446,33.4119,0.00740564,0.000750882,0.144071,2.92025,3.05148
0,44.10255,0.6585103,-1.22902,0.01993781,0.03710369,0.03354404,0.00355965,0.9158161,25.57981,0.4455568,0.06343572,0.1440707,402.6592,3.783595
0,6.20545,0.971556,-0.691562,0.0174832,9.10205e-05,4.28955e-05,4.8125e-05,0.958535,39.1908,0.00084063,7.26453e-05,0.144071,0.591893,2.83292
0,14.76515,0.8808856,-1.104956,0.01313569,0.01194982,0.01125737,0.0006924467,0.9467338,35.11185,0.2000238,0.01956465,0.1440707,108.6395,3.535123
0,5.74051,0.388236,-0.691273,0.0169765,8.7298e-05,4.40131e-05,4.32849e-05,0.902395,15.6608,0.000344669,7.45362e-05,0.144071,0.250305,2.78834
0,41.9115,0.721342,-1.05894,0.00934184,0.00931995,0.00886751,0.000452439,0.938986,28.829,0.129023,0.0152337,0.144071,49.8019,3.43761
0,5.29222,0.819433,-0.509802,0.0179168,4.86411e-05,4.05406e-06,4.4587e-05,0.95125,33.0558,6.70083e-05,6.86483e-06,0.144071,0.0487169,2.52274
0,29.8035,0.339903,-1.175853,0.01841571,0.01982853,0.01933011,0.0004984108,0.8776792,13.4404,0.1325301,0.03469197,0.1440707,111.5144,3.607919
0,9.50867,0.699474,-0.989562,0.0229194,0.00158748,0.00149617,9.13098e-05,0.942375,28.1732,0.0211095,0.00254684,0.144071,19.891,3.31526
0,8.42109,0.323329,-1.0132,0.00901867,0.00530379,0.00513262,0.00017117,0.881815,12.9745,0.0334742,0.00876857,0.144071,13.2624,3.31678
0,7.79797,0.73976,-0.957003,0.0115768,0.00209678,0.00195181,0.000144965,0.94496,29.7807,0.0291242,0.00331884,0.144071,13.8018,3.26274
0,64.1252,0.632028,-0.667627,0.0168729,8.00319e-05,3.26867e-05,4.73451e-05,0.937684,25.4951,0.000416709,5.53502e-05,0.144071,0.289432,2.77217
0,41.439607,0.69332659,-1.3227436,0.0086122355,0.22429365,0.16676594,0.057527719,0.78925507,21.696534,2.3322246,0.48946867,0.14407067,1320.8427,4.1166532
0,40.8601,0.221295,-1.1785,0.0189064,0.0198601,0.0195285,0.000331633,0.828541,8.75013,0.0871696,0.0349626,0.144071,79.5703,3.58703
0,21.3507,0.291069,-1.10782,0.0174146,0.00902484,0.00882782,0.000197025,0.868405,11.6363,0.0518293,0.0153113,0.144071,40.7245,3.47439
0,46.90114,0.5859535,-1.246455,0.01544601,0.05767341,0.05189635,0.005777062,0.8954653,22.27511,0.6133737,0.1024355,0.1440707,448.6164,3.815506
0,42.1384,0.239899,-1.18535,0.0172521,0.0237223,0.0232936,0.000428659,0.836621,9.44836,0.112717,0.0418375,0.144071,92.9123,3.60443
0,8.4505,0.370936,-0.926208,0.012669,0.00128326,0.00120259,8.0668e-05,0.897558,14.945,0.00899792,0.00204195,0.144071,4.90974,3.17711
0,7.2708,0.21332,-0.72818,0.0091813,0.00051364,0.00013072,0.00038292,0.83545,8.6014,0.00056248,0.0002214,0.14407,0.23854,2.8228
0,6.84519,0.493095,-0.717179,0.0219781,8.29646e-05,4.74173e-05,3.55473e-05,0.921515,19.8907,0.00047162,8.0305e-05,0.144071,0.434228,2.84259
0,7.52868,0.342741,-0.95255,0.0152737,0.00147033,0.00139793,7.24028e-05,0.889996,13.8064,0.00966442,0.0023757,0.144071,6.41602,3.21749
0,52.42473,0.4086438,-1.297138,0.01837397,0.08368574,0.07320382,0.01048192,0.8529322,15.10583,0.603398,0.1651202,0.1440707,612.4498,3.913999
0,7.9534,0.2273,-0.77134,0.0095369,0.00028419,0.00021906,6.5133e-05,0.84397,9.1671,0.0010043,0.00037107,0.14407,0.43812,2.8972
0,5.96231,0.409453,-0.52224,0.022088,3.6731e-05,3.85824e-06,3.28728e-05,0.907012,16.5174,3.18653e-05,6.53311e-06,0.144071,0.0299532,2.51018
0,34.5253,0.249713,-1.12374,0.0128494,0.0148819,0.0146018,0.000280023,0.847016,9.92395,0.0735485,0.0254572,0.144071,43.6841,3.49448
0,8.8309,0.23217,-0.62732,0.02362,3.9522e-05,1.3914e-05,2.5608e-05,0.84689,9.3657,6.5161e-05,2.3561e-05,0.14407,0.070147,2.659
0,26.321,0.271628,-1.15582,0.023737,0.0120341,0.0117944,0.000239657,0.858767,10.8261,0.0646213,0.0208081,0.144071,70.9725,3.55679
0,62.54822,0.880925,-1.179824,0.01510949,0.02680971,0.02457084,0.002238868,0.9369248,34.58532,0.4366004,0.04449583,0.1440707,282.8744,3.692995
0,43.735,0.862897,-1.02651,0.0125503,0.00464868,0.0043752,0.000273489,0.950599,34.649,0.0761521,0.00747562,0.144071,38.979,3.39048
0,53.796134,0.535398,-1.3815876,0.016462864,0.19687703,0.13623021,0.060646821,0.79486386,17.346584,1.4712122,0.54524726,0.14407067,2232.8391,4.3795681
