Variable,Membrane,PSA,Amine
H2_type,H2Electrolyzer,H2Electrolyzer,H2Electrolyzer
Syngas target [t/day],75.0,75.0,75.0
Syngas output [t/day],75.0,75.0,75.0
H2/CO ratio [-],2.0,2.0,2.0
nf_CO_syngas [mol/s],27.091178938754,27.091178938754,27.091178938753995
nf_H2_syngas [mol/s],54.182357877508,54.182357877508,54.18235787750799
nf_CO2_syngas [mol/s],0.6216844390638725,0.5528812028317143,5.143790666853983
Syngas purity (H2+CO) [-],0.9924087824718657,0.9932432432432432,0.9404773230477537
n_CO2_fresh [mol/s],64.51406478835973,74.29894646393534,60.75794480612633
CO2 feed intensity [t/t syngas],3.2700889159923783,3.7660649983639543,3.0796987063329313
nf_CO2_recycle [mol/s],163.0180953039236,95.5555121848444,46.29411600168586
nf_CO_recycle [mol/s],1.9489663716676033,4.175465314907446,0.0
nf_H2_buy [mol/s],0.0,0.0,0.0
elec.nf_CO2_out [mol/s],166.96667964714914,96.10839338767612,51.43790666853984
elec.nf_CO_out [mol/s],29.079920134333186,31.266644253661443,27.091178938753995
elec.nf_H2_out [mol/s],24.77059848589003,4.783632214567,4.651791429122749
elec.CO2share [-],0.9915070733628555,0.9770937981055333,0.9999990577263103
elec.lamda_CO2 [-],2.7628825511898296,1.690898584864021,1.2075489996386162
elec.CD [A/m2],1775.934446745976,1916.9173073743546,2065.3704149460746
elec.Vcell [V],3.755475854505817,3.7997697344981045,3.842018957444141
elec.Power [MW],59.6808688518312,69.51204697365513,65.15789774052162
elec.total_area [m2],8948.355552654506,9543.318536310133,8211.256308941931
elec.n_cells [-],8.948355552654505,9.543318536310132,8.21125630894193
elec.FE_CO [%],80.70629434036765,71.14401991791064,61.797164807936596
elec.FE_H2 [%],19.29370565963235,28.85598008208936,38.202835192063404
h2_elec.power [MW],22.702151467593403,22.071153031299385,22.130058966872735
CAPEX [M€],293.32033646028214,295.89625133312046,299.2129561720036
OPEX [M€/yr],66.25540391659679,72.2493764354327,72.82340983606547
Lifecycle cost [M€],920.3175257952572,979.6164202305183,988.3653963635925
mem.A_mem [m2],4054.1539662609794,,
mem.stage_cut [-],0.8592309761327735,,
mem.p_retentate [bar],19.70819828686831,,
mem.p_permeate [bar],1.0,,
psa.CO_recovery [-],,0.8664562374832252,
psa.p_H [kPa],,100.00031687336477,
psa.p_L [kPa],,9.9999999,
psa.m_ads [kg],,69621.26609926712,
psa.power_comp [kW],,0.0012820384615385009,
psa.power_pump [kW],,1877.128456652468,
amine.y_CO2_in [-],,,0.38759209694249563
amine.capture_rate [-],,,0.9
amine.Q_reboiler [GJ/tCO2],,,3.53826670763066
amine.W_elec [kWh/tCO2],,,1.3419793002390894
amine.Q_cooling [GJ/tCO2],,,3.1523382950431347
amine.scale [tCO2/h],,,7.334654562843101
