Error,time,CO2share,E_appl,v,X_tot,X_het,X_hom,FE,CO2_out,CO_out,H2_out,delP,CD,Vcell,maxRes,Solver
0,5.1562,0.85178,-0.63436,0.046117,0.00025571,7.8008e-05,0.00017771,0.95288,34.3535,0.0013403,0.00013207,467.018,0.25032,2.7314,7.4195e-05,Heun
0,6.3047,0.92463,-0.8955,0.045053,0.0024959,0.0022803,0.00021568,0.95497,37.2083,0.042529,0.0038699,467.018,7.7438,3.1704,5.03e-05,Heun
0,3.0141,0.30159,-0.56335,0.074112,0.00011051,1.9503e-05,9.1005e-05,0.87778,12.1653,0.00011865,3.3013e-05,467.018,0.038654,2.5644,6.4739e-05,Heun
0,4.917,0.9307,-0.773,0.034819,0.00085791,0.00061281,0.0002451,0.9563,37.5139,0.011504,0.0010381,467.018,1.6164,2.9662,3.9019e-05,Heun
0,4.1908,0.70589,-0.87549,0.042042,0.002102,0.0018904,0.00021157,0.94253,28.4169,0.026916,0.0032072,467.018,4.6341,3.1234,2.1326e-05,Heun
0,2.7652,0.27803,-0.66614,0.080598,0.00014842,6.7152e-05,8.1269e-05,0.86876,11.2147,0.0003766,0.00011367,467.018,0.13482,2.7314,8.8492e-05,Heun
0,4.0738,0.4228,-0.60889,0.011506,0.00086854,0.00022543,0.00064311,0.90916,17.0416,0.0019225,0.00038166,467.018,0.09383,2.6555,6.4409e-05,Heun
0,3.1066,0.63751,-0.50998,0.081305,0.00010618,8.9563e-06,9.7221e-05,0.93817,25.7154,0.00011517,1.5161e-05,467.018,0.038515,2.5108,8.7622e-05,Heun
0,63.1148,0.96601,-1.3995,0.022524,0.82516,0.77745,0.047717,0.25389,6.8134,15.1487,4.9683,467.018,3457.4501,4.6578,1.6423e-05,Euler
0,2.3286,0.97191,-0.62111,0.058367,0.00019417,5.1987e-05,0.00014218,0.95848,39.201,0.0010192,8.8018e-05,467.018,0.23952,2.7159,6.2782e-05,Heun
0,2.7636,0.32609,-0.84869,0.052316,0.0012156,0.0010778,0.0001378,0.88523,13.1391,0.0070895,0.0018267,467.018,1.617,3.0419,2.2067e-05,Heun
0,2.9846,0.97647,-0.50904,0.058967,0.00015225,1.2201e-05,0.00014004,0.9587,39.3867,0.00024031,2.0654e-05,467.018,0.057039,2.5301,6.2433e-05,Heun
0,3.9582,0.96573,-0.92509,0.03541,0.0045363,0.0042392,0.00029708,0.95542,38.7827,0.082578,0.0072006,467.018,11.7984,3.2224,3.9527e-05,Heun
0,4.6134,0.5883,-0.96843,0.054854,0.0049525,0.0047643,0.00018816,0.93025,23.6156,0.056536,0.0081107,467.018,12.8751,3.2704,6.9348e-05,Heun
0,2.9361,0.84022,-0.67879,0.06917,0.00021108,9.2026e-05,0.00011906,0.95229,33.889,0.0015597,0.00015581,467.018,0.43721,2.8045,3.6571e-05,Heun
0,3.6758,0.53741,-0.95172,0.014624,0.015078,0.01435,0.00072727,0.918,21.3532,0.15556,0.024545,467.018,9.5178,3.2375,3.3957e-05,Heun
0,2.4693,0.93259,-0.58923,0.081443,0.00012601,2.4742e-05,0.00010126,0.95686,37.6175,0.00046542,4.1888e-05,467.018,0.15289,2.661,6.2666e-05,Heun
0,3.6946,0.83377,-0.8828,0.057185,0.0016893,0.0015269,0.00016243,0.95099,33.5788,0.025679,0.0025902,467.018,5.962,3.1439,2.6322e-05,Heun
0,2.6309,0.96759,-0.63934,0.025676,0.0004692,0.00014934,0.00031986,0.95813,39.0162,0.0029148,0.00025289,467.018,0.30142,2.746,6.3011e-05,Heun
0,3.3814,0.72459,-0.73522,0.038595,0.00055247,0.00034041,0.00021206,0.9449,29.2152,0.0049753,0.00057652,467.018,0.78425,2.8911,2.5127e-05,Heun
0,3.2627,0.22857,-0.87261,0.017485,0.0047356,0.0043756,0.00035996,0.84202,9.1772,0.020174,0.0074318,467.018,1.6145,3.0657,2.2848e-05,Heun
0,48.8237,0.8793,-1.1779,0.028466,0.12446,0.12236,0.0021022,0.87156,31.0578,2.1702,0.2305,467.018,266.5432,3.6849,1.7885e-07,Heun
0,4.3277,0.94719,-0.80023,0.027672,0.0014073,0.0010936,0.00031368,0.95666,38.1578,0.020894,0.0018532,467.018,2.3316,3.0124,3.9055e-05,Heun
0,107.0223,0.74299,-1.3249,0.033208,0.45011,0.44225,0.0078636,0.61963,16.4821,6.6278,1.3043,467.018,1313.3893,4.117,8.2204e-05,Heun
0,3.9346,0.80619,-0.83664,0.019751,0.002885,0.0024432,0.00044179,0.94866,32.4294,0.03973,0.0041446,467.018,3.1899,3.065,2.4775e-05,Heun
0,3.3443,0.79451,-0.80515,0.034434,0.0011835,0.00093615,0.00024733,0.94907,32.0139,0.015003,0.0015865,467.018,2.1006,3.0119,4.3992e-05,Heun
0,2.7743,0.51378,-0.74322,0.017458,0.0012792,0.00083375,0.00044547,0.92368,20.7004,0.0086405,0.0014125,467.018,0.62996,2.8878,4.2121e-05,Heun
0,2.6453,0.72438,-0.59832,0.074645,0.00013832,3.0339e-05,0.00010798,0.94515,29.2188,0.00044329,5.1363e-05,467.018,0.13511,2.6637,9.6548e-05,Heun
0,4.4105,0.33695,-0.51593,0.015404,0.00050393,5.1017e-05,0.00045291,0.88893,13.5863,0.00034674,8.6372e-05,467.018,0.023181,2.4907,6.6238e-05,Heun
0,4.3475,0.76484,-0.70787,0.078086,0.00022349,0.00011843,0.00010507,0.94784,30.848,0.001827,0.00020054,467.018,0.58097,2.8483,3.2514e-05,Heun
0,2.9909,0.22547,-0.8767,0.03826,0.002274,0.0021099,0.00016414,0.84171,9.075,0.0095954,0.0035794,467.018,1.6832,3.072,1.9938e-05,Heun
0,2.111,0.42154,-0.56452,0.011888,0.00074474,0.00012342,0.00062132,0.90899,16.9929,0.0010494,0.0002089,467.018,0.052926,2.5817,7.3699e-05,Heun
0,3.2013,0.23694,-0.87792,0.034011,0.0025999,0.0024104,0.00018942,0.84796,9.5336,0.01152,0.0040901,467.018,1.7829,3.0762,3.6406e-05,Heun
0,146.4421,0.27771,-1.3847,0.063531,0.41267,0.41041,0.0022613,0.589,6.5799,2.2989,1.4707,467.018,1189.846,4.1478,2.217e-06,Heun
0,93.3471,0.85877,-1.2912,0.067934,0.18701,0.18227,0.0047345,0.82716,28.1655,3.1573,0.41389,467.018,1091.4174,4.0308,2.1322e-07,Heun
0,2.6557,0.75586,-0.62356,0.049201,0.00022825,6.3644e-05,0.00016461,0.94725,30.4859,0.00097034,0.00010776,467.018,0.19452,2.7077,6.3372e-05,Heun
0,3.8371,0.45368,-0.96413,0.0598,0.0042926,0.0041375,0.0001551,0.91262,18.2237,0.037862,0.0070405,467.018,9.5838,3.2503,6.0902e-05,Heun
0,7.8858,0.96018,-0.63963,0.075356,0.00016114,5.1079e-05,0.00011006,0.95802,38.729,0.00098928,8.6489e-05,467.018,0.30035,2.7461,6.3033e-05,Heun
0,3.5414,0.551,-0.90294,0.031108,0.0039086,0.00363,0.00027861,0.92674,22.1413,0.040344,0.0061668,467.018,5.2247,3.1571,4.1539e-05,Heun
0,3.6507,0.50525,-0.8331,0.011798,0.0045841,0.0039055,0.00067856,0.9204,20.2891,0.039802,0.0066309,467.018,1.9658,3.0364,2.5395e-05,Heun
0,61.018,0.81241,-1.3712,0.022994,0.73334,0.71856,0.014779,0.35757,8.7397,11.7751,3.3825,467.018,2188.6207,4.3596,8.5152e-05,Euler
0,3.579,0.83616,-0.84676,0.062346,0.0010246,0.00088212,0.00014244,0.95155,33.6976,0.014878,0.0014953,467.018,3.7635,3.0838,4.6244e-05,Heun
0,38.0175,0.3495,-1.0738,0.062465,0.016224,0.015973,0.00025098,0.88268,13.8706,0.11261,0.027581,467.018,30.8615,3.4242,9.815e-05,Heun
0,92.2858,0.59181,-1.3554,0.074168,0.306,0.29854,0.00746,0.72326,16.5691,3.5638,0.86469,467.018,1674.8203,4.2303,2.6477e-06,Heun
0,4.5043,0.55647,-0.95939,0.052016,0.0046649,0.0044753,0.0001896,0.9269,22.3442,0.050233,0.0076154,467.018,10.8854,3.2524,9.4101e-05,Heun
0,81.6085,0.76749,-1.2892,0.077539,0.16324,0.15984,0.0034019,0.83879,25.9077,2.4745,0.35342,467.018,964.8797,3.9979,4.4739e-06,Heun
0,65.7514,0.80375,-1.2151,0.068361,0.082812,0.081449,0.0013624,0.89593,29.7395,1.3205,0.15461,467.018,399.9479,3.7688,4.5344e-07,Heun
0,139.1715,0.42082,-1.2681,0.029779,0.30481,0.30261,0.0022019,0.70249,11.8019,2.5687,0.70187,467.018,400.2819,3.8219,3.5237e-06,Heun
0,89.6736,0.74376,-1.2298,0.049108,0.13396,0.13196,0.0019965,0.85756,25.9853,1.9798,0.26023,467.018,441.4214,3.7967,4.7388e-07,Heun
0,71.8382,0.72408,-1.3616,0.082192,0.26997,0.25509,0.014878,0.76169,21.3246,3.7257,0.84488,467.018,2216.2165,4.356,1.5877e-05,Heun
0,3.3978,0.33009,-0.82832,0.062009,0.00081563,0.00070024,0.00011539,0.8867,13.3055,0.0046623,0.0011864,467.018,1.2584,3.0086,4.5998e-05,Heun
0,26.7971,0.2952,-1.1463,0.071256,0.034915,0.034644,0.00027029,0.85386,11.493,0.20629,0.061348,467.018,67.0739,3.5436,4.4068e-05,Heun
0,4.4316,0.59869,-0.91526,0.040828,0.0034635,0.0032401,0.00022334,0.93228,24.0686,0.039128,0.0055046,467.018,6.6141,3.1818,6.4795e-05,Heun
0,5.1568,0.9678,-0.77435,0.04363,0.00069411,0.00049765,0.00019646,0.95799,39.0155,0.0097147,0.00084302,467.018,1.7076,2.9704,2.087e-05,Heun
0,4.7304,0.47231,-0.9508,0.050387,0.0043415,0.0041611,0.0001804,0.91566,18.9711,0.039643,0.0070402,467.018,8.378,3.2298,4.9944e-05,Heun
0,4.1778,0.66821,-0.91778,0.028515,0.0051174,0.0047882,0.00032914,0.93763,26.819,0.064538,0.0081404,467.018,7.5687,3.1914,5.03e-05,Heun
0,7.376,0.37905,-0.99934,0.06451,0.0061602,0.0060126,0.00014758,0.89646,15.1973,0.045971,0.010258,467.018,12.7878,3.301,2.9453e-05,Heun
0,133.6186,0.80101,-1.2885,0.046125,0.2567,0.25171,0.0049838,0.77366,24.0193,4.067,0.58832,467.018,960.3778,3.996,1.0683e-05,Heun
0,4.8148,0.40408,-0.95868,0.056844,0.0042128,0.0040595,0.00015337,0.90327,16.2325,0.033087,0.0069054,467.018,8.0413,3.2355,4.0391e-05,Heun
0,2.8936,0.60477,-0.6323,0.031414,0.00036258,0.00011152,0.00025107,0.93488,24.3885,0.0013604,0.00018883,467.018,0.17641,2.7114,6.3954e-05,Heun
0,2.8847,0.75926,-0.61347,0.018738,0.00057928,0.00014677,0.00043251,0.94725,30.6122,0.0022477,0.00024855,467.018,0.17157,2.6911,6.3266e-05,Heun
0,40.6525,0.91272,-1.1567,0.044001,0.064071,0.062898,0.0011733,0.91396,34.4617,1.158,0.11357,467.018,214.7926,3.6425,9.4524e-07,Heun
0,77.2387,0.96743,-1.2124,0.035518,0.14911,0.14626,0.0028486,0.85826,33.2086,2.8541,0.28755,467.018,450.4839,3.782,9.7016e-07,Heun
0,4.1569,0.63777,-0.89152,0.067442,0.0015799,0.0014479,0.00013201,0.93725,25.6882,0.018627,0.0024564,467.018,5.176,3.1452,4.1607e-05,Heun
0,3.2903,0.3109,-0.82372,0.066856,0.0007171,0.00061223,0.00010487,0.88063,12.5333,0.0038394,0.0010372,467.018,1.125,2.9982,5.9186e-05,Heun
0,31.7541,0.31944,-1.0247,0.058472,0.0093186,0.0091545,0.00016413,0.8781,12.7665,0.058985,0.01567,467.018,15.1859,3.3356,7.0414e-05,Heun
0,55.3188,0.40601,-1.2146,0.018346,0.27426,0.27226,0.0019972,0.72186,11.8869,2.2297,0.57293,467.018,197.307,3.6927,2.7832e-05,Heun
0,3.5023,0.87257,-0.54686,0.00995,0.00093983,0.00011747,0.00082236,0.95351,35.1681,0.0020675,0.00019895,467.018,0.08323,2.5873,6.2675e-05,Heun
0,189.55,0.40343,-1.3261,0.050321,0.3279,0.32537,0.0025346,0.68249,10.9383,2.6477,0.87491,467.018,804.3747,3.9943,3.4064e-06,Heun
0,141.8292,0.85143,-1.3049,0.030895,0.41091,0.40282,0.0080897,0.65713,20.2342,6.918,1.0843,467.018,1175.8675,4.0646,4.2119e-05,Heun
0,148.5261,0.39482,-1.2722,0.078789,0.13546,0.13439,0.0010665,0.81636,13.7702,1.0703,0.27936,467.018,423.2268,3.8333,1.7371e-06,Heun
0,70.4495,0.94341,-1.2502,0.081901,0.10428,0.10189,0.0023912,0.88817,34.09,1.9389,0.20265,467.018,726.1877,3.8979,1.7179e-06,Heun
0,4.3413,0.47999,-0.84114,0.02983,0.0019818,0.0017145,0.00026729,0.91834,19.3252,0.0166,0.0029075,467.018,2.0806,3.0474,2.6436e-05,Heun
0,4.0288,0.35728,-0.88366,0.068395,0.0014025,0.0012912,0.00011137,0.89401,14.3929,0.0093048,0.0021896,467.018,2.7484,3.1043,2.5204e-05,Heun
0,186.523,0.40087,-1.3531,0.075542,0.29553,0.29269,0.00284,0.70574,11.3925,2.3666,0.82436,467.018,1145.9354,4.1058,4.6225e-06,Heun
0,3.0528,0.69284,-0.56192,0.053148,0.00017711,2.6693e-05,0.00015042,0.94277,27.9453,0.00037304,4.5195e-05,467.018,0.081163,2.6011,6.3178e-05,Heun
0,3.258,0.57863,-0.7442,0.074635,0.00030411,0.00019757,0.00010654,0.93218,23.3359,0.002306,0.00033458,467.018,0.71261,2.8951,1.7185e-05,Heun
0,3.2765,0.48133,-0.73594,0.079113,0.00026466,0.00016762,9.7038e-05,0.91964,19.4125,0.0016274,0.00028386,467.018,0.54039,2.8726,4.4317e-05,Heun
0,38.9718,0.86466,-1.3429,0.04952,0.37609,0.35913,0.01696,0.68717,21.7632,6.2636,1.1032,467.018,1972.3388,4.284,4.094e-05,Heun
0,3.0245,0.66821,-0.6256,0.062962,0.0001783,5.1215e-05,0.00012709,0.94079,26.952,0.00069029,8.6448e-05,467.018,0.17775,2.7051,6.8701e-05,Heun
0,2.6753,0.63978,-0.55904,0.05159,0.00018001,2.6531e-05,0.00015348,0.93833,25.8052,0.00034238,4.4866e-05,467.018,0.072565,2.5924,6.3332e-05,Heun
0,3.184,0.93375,-0.51404,0.010273,0.00087604,7.4644e-05,0.00080139,0.95642,37.6363,0.0014059,0.00012642,467.018,0.058255,2.5362,6.251e-05,Heun
0,3.2996,0.42867,-0.62696,0.041823,0.00025582,7.8226e-05,0.00017759,0.91067,17.2889,0.00067639,0.00013242,467.018,0.11986,2.6862,6.4564e-05,Heun
0,3.2071,0.80576,-0.693,0.056806,0.00027922,0.00013448,0.00014474,0.95032,32.4967,0.0021858,0.00022771,467.018,0.50425,2.8261,4.4916e-05,Heun
0,4.5042,0.80298,-0.93796,0.047424,0.0039497,0.0037309,0.00021872,0.94779,32.2658,0.06043,0.0063432,467.018,11.674,3.2347,3.9522e-05,Heun
0,122.7932,0.50436,-1.2402,0.036257,0.19621,0.19437,0.0018391,0.79279,16.3544,1.9774,0.40244,467.018,343.1274,3.775,7.3674e-06,Heun
0,8.4935,0.65426,-1.0413,0.078618,0.0086116,0.0084209,0.00019069,0.9342,26.1666,0.11113,0.014424,467.018,36.2075,3.4009,3.5027e-05,Heun
0,135.5607,0.26068,-1.2795,0.070548,0.16176,0.16094,0.0008169,0.75935,8.8153,0.84628,0.34266,467.018,319.9094,3.8061,3.101e-06,Heun
0,207.4323,0.24316,-1.3722,0.072015,0.34526,0.34364,0.0016205,0.62562,6.4227,1.6855,1.1047,467.018,931.0404,4.0724,2.1105e-06,Heun
0,3.0332,0.62464,-0.55477,0.036273,0.00025353,3.5681e-05,0.00021785,0.93688,25.1926,0.00044956,6.0411e-05,467.018,0.067171,2.5842,6.3367e-05,Heun
0,48.4101,0.82333,-1.1288,0.052822,0.038144,0.037472,0.00067211,0.92668,31.9478,0.62231,0.066101,467.018,137.2221,3.5765,4.8641e-05,Heun
0,35.7433,0.94721,-1.134,0.073775,0.029317,0.028739,0.00057811,0.93847,37.0918,0.54908,0.050594,467.018,168.1705,3.5982,1.3717e-06,Heun
0,12.9726,0.30392,-1.1004,0.078346,0.018001,0.017822,0.000179,0.86753,12.0402,0.10926,0.030918,467.018,38.3229,3.4633,8.3588e-05,Heun
0,9.9477,0.65506,-0.97964,0.058468,0.005347,0.0051569,0.0001901,0.93636,26.2849,0.068139,0.0087878,467.018,16.4418,3.2949,8.3962e-05,Heun
0,3.8232,0.57551,-0.81662,0.023842,0.0019078,0.0015661,0.00034171,0.93082,23.1729,0.01818,0.0026551,467.018,1.7965,3.0153,1.7227e-05,Heun
0,178.1851,0.20952,-1.3773,0.057372,0.41836,0.41685,0.0015084,0.55762,4.9163,1.7617,1.4805,467.018,853.6723,4.0581,3.8229e-06,Heun
0,2.9887,0.4697,-0.64201,0.013737,0.00083878,0.00028886,0.00054992,0.91745,18.9326,0.0027367,0.00048919,467.018,0.15809,2.7155,6.4638e-05,Heun
0,3.9141,0.32975,-0.89687,0.038838,0.0028844,0.0026913,0.00019312,0.88531,13.2642,0.017901,0.0045691,467.018,3.0308,3.1226,2.5008e-05,Heun
0,3.5553,0.83543,-0.63131,0.058353,0.00019974,5.9279e-05,0.00014046,0.95204,33.6959,0.00099892,0.00010037,467.018,0.23631,2.7254,7.5915e-05,Heun
0,30.7688,0.44897,-1.0869,0.078363,0.015261,0.015052,0.00020875,0.90486,17.8359,0.13631,0.026007,467.018,45.7934,3.4605,7.0169e-05,Heun
0,13.4179,0.62283,-0.99858,0.069155,0.0057242,0.0055543,0.00016997,0.93321,24.9821,0.069778,0.0094759,467.018,19.9976,3.3246,7.9751e-05,Heun
0,102.1292,0.33252,-1.3512,0.044674,0.44143,0.43895,0.0024816,0.58141,7.4929,2.9441,1.3462,467.018,892.2831,4.0417,1.855e-05,Euler
0,81.7608,0.68159,-1.2406,0.06509,0.11565,0.11403,0.0016206,0.86575,24.3165,1.5676,0.22546,467.018,469.8624,3.8162,2.7179e-07,Heun
0,2.9702,0.41038,-0.80347,0.039612,0.00098696,0.00079657,0.00019039,0.90661,16.539,0.0065937,0.0013497,467.018,1.1118,2.9773,4.8924e-05,Heun
0,60.8647,0.72326,-1.1023,0.081217,0.017923,0.017611,0.00031122,0.93359,28.6548,0.25693,0.03056,467.018,86.8416,3.5167,4.339e-05,Heun
0,3.9389,0.75137,-0.59136,0.082431,0.0001232,2.5121e-05,9.8077e-05,0.94702,30.3079,0.00038074,4.2533e-05,467.018,0.12791,2.6539,6.3135e-05,Heun
0,117.3143,0.79852,-1.2937,0.073144,0.17836,0.17428,0.0040792,0.83014,26.4681,2.8071,0.39662,467.018,1054.4134,4.0243,2.4652e-06,Heun
0,3.5119,0.56043,-0.51042,0.0375,0.00022683,1.9529e-05,0.0002073,0.93019,22.6038,0.00022077,3.3059e-05,467.018,0.03434,2.5054,6.3483e-05,Heun
0,3.5282,0.26706,-0.91402,0.042439,0.0032344,0.0030687,0.00016566,0.86222,10.7387,0.01653,0.0052115,467.018,3.1401,3.1416,4.671e-05,Heun
0,3.3126,0.38318,-0.76377,0.026835,0.00097972,0.00070638,0.00027334,0.90068,15.4431,0.0054597,0.0011965,467.018,0.62757,2.9081,4.8208e-05,Heun
0,2.6375,0.93067,-0.50046,0.067165,0.00013199,9.5924e-06,0.0001224,0.95677,37.5399,0.00018007,1.6239e-05,467.018,0.048785,2.5135,6.2505e-05,Heun
0,28.6866,0.3219,-1.1409,0.074546,0.031284,0.031021,0.00026374,0.86516,12.5799,0.20142,0.054722,467.018,67.6163,3.5388,4.3796e-05,Heun
0,6.1546,0.86065,-1.0269,0.076862,0.0073762,0.0071709,0.00020532,0.94874,34.4642,0.12449,0.012272,467.018,39.0588,3.391,4.1791e-05,Heun
0,6.2211,0.63067,-0.98164,0.050205,0.0063799,0.0061601,0.0002198,0.93352,25.2802,0.078364,0.010501,467.018,16.2753,3.2963,2.2033e-05,Heun
0,4.4802,0.99691,-0.71244,0.053248,0.00034237,0.00018414,0.00015823,0.95938,40.2033,0.0037028,0.00031184,467.018,0.79322,2.8689,3.9551e-05,Heun
0,2.4812,0.26254,-0.66362,0.019499,0.00059647,0.00026865,0.00032782,0.86182,10.585,0.0014227,0.00045485,467.018,0.12418,2.7246,5.4629e-05,Heun
0,201.7952,0.55414,-1.3098,0.075812,0.20363,0.2009,0.0027327,0.79337,17.8029,2.2455,0.47082,467.018,913.0403,4.0055,1.4791e-05,Heun
0,58.5169,0.28532,-1.2397,0.042113,0.17127,0.17032,0.00094995,0.76235,9.539,0.98024,0.34442,467.018,206.8904,3.722,5.4957e-06,Heun
0,22.9606,0.96952,-1.0763,0.023759,0.043776,0.042767,0.0010086,0.92988,37.3999,0.83636,0.074878,467.018,81.5664,3.4865,9.9074e-05,Heun
0,116.0278,0.20371,-1.349,0.075807,0.28016,0.2791,0.0010614,0.65151,5.9156,1.1468,0.77868,467.018,610.9841,3.9654,8.191e-07,Heun
0,5.0635,0.81993,-0.9303,0.065527,0.0026051,0.0024491,0.00015597,0.94963,32.9912,0.040505,0.0041607,467.018,10.7973,3.2228,4.9227e-05,Heun
0,121.5073,0.89496,-1.2419,0.029705,0.23987,0.23566,0.0042102,0.79034,27.4439,4.2541,0.50231,467.018,590.6323,3.8527,2.1132e-06,Heun
0,51.2929,0.26755,-1.2119,0.058825,0.092178,0.091648,0.00053033,0.80693,9.7985,0.49459,0.17265,467.018,140.5841,3.6616,2.753e-05,Heun
0,3.1288,0.51983,-0.58536,0.058154,0.00016506,3.2965e-05,0.0001321,0.92519,20.9673,0.00034565,5.5817e-05,467.018,0.083858,2.6262,7.2922e-05,Heun
0,3.3478,0.4079,-0.79215,0.017544,0.0019813,0.0015542,0.00042712,0.90547,16.4227,0.012787,0.0026348,467.018,0.95576,2.9582,3.9995e-05,Heun
0,5.4388,0.84005,-0.97838,0.038882,0.0079328,0.0076215,0.00031136,0.94729,33.6205,0.12914,0.013002,467.018,20.4539,3.3056,7.7765e-05,Heun
0,4.0988,0.54513,-0.57908,0.02898,0.00032804,6.1033e-05,0.00026701,0.92831,21.9843,0.0006711,0.00010333,467.018,0.080838,2.618,7.7824e-05,Heun
0,35.8316,0.92852,-1.3064,0.062084,0.23626,0.22784,0.0084115,0.79454,28.6084,4.2673,0.55028,467.018,1402.2569,4.1192,9.2934e-06,Heun
0,2.9465,0.34548,-0.72901,0.029587,0.00064907,0.00041001,0.00023906,0.89128,13.9281,0.0028572,0.00069434,467.018,0.36596,2.8456,7.163e-05,Heun
0,3.2778,0.41104,-0.73736,0.075548,0.000277,0.00017878,9.8222e-05,0.90719,16.5776,0.0014822,0.00030271,467.018,0.4764,2.8675,2.8014e-05,Heun
0,3.6013,0.31643,-0.89432,0.070327,0.0015447,0.0014397,0.000105,0.88195,12.7457,0.0091893,0.0024421,467.018,2.8293,3.1165,2.5124e-05,Heun
0,61.5598,0.30885,-1.2342,0.037585,0.17955,0.17848,0.0010688,0.76464,10.2227,1.1119,0.35973,467.018,206.0582,3.7162,6.5778e-06,Heun
0,5.882,0.89543,-0.86251,0.045676,0.0016735,0.0014734,0.00020016,0.95415,36.0629,0.026611,0.0024987,467.018,4.9174,3.1135,2.3397e-05,Heun
0,30.7729,0.66376,-1.1301,0.060444,0.033842,0.033339,0.00050293,0.91867,25.8712,0.44636,0.058688,467.018,113.8781,3.5637,5.1198e-05,Heun
0,128.0159,0.63989,-1.2793,0.070911,0.16137,0.15905,0.0023274,0.83104,21.6485,2.0528,0.34015,467.018,716.2716,3.9244,7.557e-07,Heun
0,50.8503,0.31596,-1.2087,0.054056,0.096337,0.095696,0.00064028,0.82184,11.5186,0.6099,0.18011,467.018,155.5505,3.6664,2.8918e-05,Heun
0,2.5863,0.88242,-0.59455,0.051439,0.00020156,4.1943e-05,0.00015962,0.95447,35.5914,0.00074655,7.1012e-05,467.018,0.15527,2.6671,5.435e-05,Heun
0,100.5342,0.69764,-1.3357,0.032786,0.49547,0.48769,0.0077872,0.58008,14.1995,6.8628,1.5182,467.018,1388.9784,4.1454,2.8982e-05,Heun
0,54.9262,0.48076,-1.1818,0.042565,0.088573,0.087691,0.00088276,0.86246,17.6769,0.85037,0.16191,467.018,161.0233,3.6423,4.433e-05,Heun
0,176.9242,0.6106,-1.3516,0.061868,0.33973,0.33212,0.0076134,0.69863,16.2641,4.0905,0.98723,467.018,1620.8778,4.2143,4.9559e-07,Heun
0,10.0966,0.52145,-1.0025,0.074664,0.0055563,0.0054073,0.00014899,0.92198,20.9192,0.056874,0.0092245,467.018,17.814,3.3221,2.0827e-05,Heun
0,175.9964,0.26077,-1.388,0.062398,0.42654,0.4244,0.0021332,0.57265,6.0329,2.2324,1.5628,467.018,1171.0959,4.1467,2.5119e-06,Heun
0,9.2429,0.39193,-0.59253,0.0097293,0.00096242,0.00021597,0.00074645,0.90268,15.7961,0.0017074,0.0003658,467.018,0.070994,2.6248,6.4433e-05,Heun
0,60.1244,0.29866,-1.223,0.058942,0.10456,0.10391,0.00064565,0.81084,10.7885,0.62599,0.19861,467.018,177.5547,3.6918,1.0461e-05,Heun
0,170.5386,0.34713,-1.316,0.041221,0.35453,0.35241,0.0021182,0.65179,9.039,2.4675,0.93727,467.018,610.7813,3.9324,5.7816e-06,Heun
0,24.17,0.39196,-1.1234,0.04117,0.045221,0.044756,0.00046507,0.87468,15.0974,0.35385,0.079071,467.018,64.0525,3.5177,2.9038e-05,Heun
0,6.9527,0.92463,-0.8955,0.045053,0.0024959,0.0022803,0.00021568,0.95497,37.2083,0.042529,0.0038699,467.018,7.7438,3.1704,5.03e-05,Heun
0,5.7829,0.9307,-0.773,0.034819,0.00085791,0.00061281,0.0002451,0.9563,37.5139,0.011504,0.0010381,467.018,1.6164,2.9662,3.9019e-05,Heun
0,2.7742,0.27803,-0.66614,0.080598,0.00014842,6.7152e-05,8.1269e-05,0.86876,11.2147,0.0003766,0.00011367,467.018,0.13482,2.7314,8.8492e-05,Heun
0,3.3605,0.63751,-0.50998,0.081305,0.00010618,8.9563e-06,9.7221e-05,0.93817,25.7154,0.00011517,1.5161e-05,467.018,0.038515,2.5108,8.7622e-05,Heun
0,2.9096,0.97191,-0.62111,0.058367,0.00019417,5.1987e-05,0.00014218,0.95848,39.201,0.0010192,8.8018e-05,467.018,0.23952,2.7159,6.2782e-05,Heun
0,3.6138,0.97647,-0.50904,0.058967,0.00015225,1.2201e-05,0.00014004,0.9587,39.3867,0.00024031,2.0654e-05,467.018,0.057039,2.5301,6.2433e-05,Heun
0,5.4847,0.5883,-0.96843,0.054854,0.0049525,0.0047643,0.00018816,0.93025,23.6156,0.056536,0.0081107,467.018,12.8751,3.2704,6.9348e-05,Heun
0,2.4859,0.93259,-0.58923,0.081443,0.00012601,2.4742e-05,0.00010126,0.95686,37.6175,0.00046542,4.1888e-05,467.018,0.15289,2.661,6.2666e-05,Heun
0,2.571,0.96759,-0.63934,0.025676,0.0004692,0.00014934,0.00031986,0.95813,39.0162,0.0029148,0.00025289,467.018,0.30142,2.746,6.3011e-05,Heun
0,2.9953,0.22857,-0.87261,0.017485,0.0047356,0.0043756,0.00035996,0.84202,9.1772,0.020174,0.0074318,467.018,1.6145,3.0657,2.2848e-05,Heun
0,4.0927,0.94719,-0.80023,0.027672,0.0014073,0.0010936,0.00031368,0.95666,38.1578,0.020894,0.0018532,467.018,2.3316,3.0124,3.9055e-05,Heun
0,3.9858,0.80619,-0.83664,0.019751,0.002885,0.0024432,0.00044179,0.94866,32.4294,0.03973,0.0041446,467.018,3.1899,3.065,2.4775e-05,Heun
0,2.7793,0.51378,-0.74322,0.017458,0.0012792,0.00083375,0.00044547,0.92368,20.7004,0.0086405,0.0014125,467.018,0.62996,2.8878,4.2121e-05,Heun
0,4.2785,0.33695,-0.51593,0.015404,0.00050393,5.1017e-05,0.00045291,0.88893,13.5863,0.00034674,8.6372e-05,467.018,0.023181,2.4907,6.6238e-05,Heun
0,2.8736,0.22547,-0.8767,0.03826,0.002274,0.0021099,0.00016414,0.84171,9.075,0.0095954,0.0035794,467.018,1.6832,3.072,1.9938e-05,Heun
0,3.1838,0.23694,-0.87792,0.034011,0.0025999,0.0024104,0.00018942,0.84796,9.5336,0.01152,0.0040901,467.018,1.7829,3.0762,3.6406e-05,Heun
0,93.3646,0.85877,-1.2912,0.067934,0.18701,0.18227,0.0047345,0.82716,28.1655,3.1573,0.41389,467.018,1091.4174,4.0308,2.1322e-07,Heun
0,4.1384,0.45368,-0.96413,0.0598,0.0042926,0.0041375,0.0001551,0.91262,18.2237,0.037862,0.0070405,467.018,9.5838,3.2503,6.0902e-05,Heun
0,3.4082,0.50525,-0.8331,0.011798,0.0045841,0.0039055,0.00067856,0.9204,20.2891,0.039802,0.0066309,467.018,1.9658,3.0364,2.5395e-05,Heun
0,3.5944,0.83616,-0.84676,0.062346,0.0010246,0.00088212,0.00014244,0.95155,33.6976,0.014878,0.0014953,467.018,3.7635,3.0838,4.6244e-05,Heun
0,92.2372,0.59181,-1.3554,0.074168,0.306,0.29854,0.00746,0.72326,16.5691,3.5638,0.86469,467.018,1674.8203,4.2303,2.6477e-06,Heun
0,55.3459,0.80375,-1.2151,0.068361,0.082812,0.081449,0.0013624,0.89593,29.7395,1.3205,0.15461,467.018,399.9479,3.7688,4.5344e-07,Heun
0,76.3426,0.74376,-1.2298,0.049108,0.13396,0.13196,0.0019965,0.85756,25.9853,1.9798,0.26023,467.018,441.4214,3.7967,4.7388e-07,Heun
0,2.3067,0.33009,-0.82832,0.062009,0.00081563,0.00070024,0.00011539,0.8867,13.3055,0.0046623,0.0011864,467.018,1.2584,3.0086,4.5998e-05,Heun
0,3.5141,0.59869,-0.91526,0.040828,0.0034635,0.0032401,0.00022334,0.93228,24.0686,0.039128,0.0055046,467.018,6.6141,3.1818,6.4795e-05,Heun
0,3.8825,0.47231,-0.9508,0.050387,0.0043415,0.0041611,0.0001804,0.91566,18.9711,0.039643,0.0070402,467.018,8.378,3.2298,4.9944e-05,Heun
0,5.7266,0.37905,-0.99934,0.06451,0.0061602,0.0060126,0.00014758,0.89646,15.1973,0.045971,0.010258,467.018,12.7878,3.301,2.9453e-05,Heun
0,3.8213,0.40408,-0.95868,0.056844,0.0042128,0.0040595,0.00015337,0.90327,16.2325,0.033087,0.0069054,467.018,8.0413,3.2355,4.0391e-05,Heun
0,2.3848,0.75926,-0.61347,0.018738,0.00057928,0.00014677,0.00043251,0.94725,30.6122,0.0022477,0.00024855,467.018,0.17157,2.6911,6.3266e-05,Heun
0,65.7578,0.96743,-1.2124,0.035518,0.14911,0.14626,0.0028486,0.85826,33.2086,2.8541,0.28755,467.018,450.4839,3.782,9.7016e-07,Heun
0,2.7761,0.3109,-0.82372,0.066856,0.0007171,0.00061223,0.00010487,0.88063,12.5333,0.0038394,0.0010372,467.018,1.125,2.9982,5.9186e-05,Heun
0,47.1683,0.40601,-1.2146,0.018346,0.27426,0.27226,0.0019972,0.72186,11.8869,2.2297,0.57293,467.018,197.307,3.6927,2.7832e-05,Heun
0,162.518,0.40343,-1.3261,0.050321,0.3279,0.32537,0.0025346,0.68249,10.9383,2.6477,0.87491,467.018,804.3747,3.9943,3.4064e-06,Heun
0,128.3943,0.39482,-1.2722,0.078789,0.13546,0.13439,0.0010665,0.81636,13.7702,1.0703,0.27936,467.018,423.2268,3.8333,1.7371e-06,Heun
0,3.5028,0.47999,-0.84114,0.02983,0.0019818,0.0017145,0.00026729,0.91834,19.3252,0.0166,0.0029075,467.018,2.0806,3.0474,2.6436e-05,Heun
0,158.9532,0.40087,-1.3531,0.075542,0.29553,0.29269,0.00284,0.70574,11.3925,2.3666,0.82436,467.018,1145.9354,4.1058,4.6225e-06,Heun
0,2.5042,0.57863,-0.7442,0.074635,0.00030411,0.00019757,0.00010654,0.93218,23.3359,0.002306,0.00033458,467.018,0.71261,2.8951,1.7185e-05,Heun
0,39.2052,0.86466,-1.3429,0.04952,0.37609,0.35913,0.01696,0.68717,21.7632,6.2636,1.1032,467.018,1972.3388,4.284,4.094e-05,Heun
0,2.4953,0.63978,-0.55904,0.05159,0.00018001,2.6531e-05,0.00015348,0.93833,25.8052,0.00034238,4.4866e-05,467.018,0.072565,2.5924,6.3332e-05,Heun
0,3.2761,0.42867,-0.62696,0.041823,0.00025582,7.8226e-05,0.00017759,0.91067,17.2889,0.00067639,0.00013242,467.018,0.11986,2.6862,6.4564e-05,Heun
0,4.2696,0.80298,-0.93796,0.047424,0.0039497,0.0037309,0.00021872,0.94779,32.2658,0.06043,0.0063432,467.018,11.674,3.2347,3.9522e-05,Heun
0,7.2752,0.65426,-1.0413,0.078618,0.0086116,0.0084209,0.00019069,0.9342,26.1666,0.11113,0.014424,467.018,36.2075,3.4009,3.5027e-05,Heun
0,205.8197,0.24316,-1.3722,0.072015,0.34526,0.34364,0.0016205,0.62562,6.4227,1.6855,1.1047,467.018,931.0404,4.0724,2.1105e-06,Heun
0,47.6189,0.82333,-1.1288,0.052822,0.038144,0.037472,0.00067211,0.92668,31.9478,0.62231,0.066101,467.018,137.2221,3.5765,4.8641e-05,Heun
0,13.6572,0.30392,-1.1004,0.078346,0.018001,0.017822,0.000179,0.86753,12.0402,0.10926,0.030918,467.018,38.3229,3.4633,8.3588e-05,Heun
0,3.5952,0.57551,-0.81662,0.023842,0.0019078,0.0015661,0.00034171,0.93082,23.1729,0.01818,0.0026551,467.018,1.7965,3.0153,1.7227e-05,Heun
0,2.7249,0.4697,-0.64201,0.013737,0.00083878,0.00028886,0.00054992,0.91745,18.9326,0.0027367,0.00048919,467.018,0.15809,2.7155,6.4638e-05,Heun
0,3.2164,0.83543,-0.63131,0.058353,0.00019974,5.9279e-05,0.00014046,0.95204,33.6959,0.00099892,0.00010037,467.018,0.23631,2.7254,7.5915e-05,Heun
0,12.9547,0.62283,-0.99858,0.069155,0.0057242,0.0055543,0.00016997,0.93321,24.9821,0.069778,0.0094759,467.018,19.9976,3.3246,7.9751e-05,Heun
0,82.0585,0.68159,-1.2406,0.06509,0.11565,0.11403,0.0016206,0.86575,24.3165,1.5676,0.22546,467.018,469.8624,3.8162,2.7179e-07,Heun
0,60.9293,0.72326,-1.1023,0.081217,0.017923,0.017611,0.00031122,0.93359,28.6548,0.25693,0.03056,467.018,86.8416,3.5167,4.339e-05,Heun
0,114.6371,0.79852,-1.2937,0.073144,0.17836,0.17428,0.0040792,0.83014,26.4681,2.8071,0.39662,467.018,1054.4134,4.0243,2.4652e-06,Heun
0,3.7187,0.26706,-0.91402,0.042439,0.0032344,0.0030687,0.00016566,0.86222,10.7387,0.01653,0.0052115,467.018,3.1401,3.1416,4.671e-05,Heun
0,2.6979,0.93067,-0.50046,0.067165,0.00013199,9.5924e-06,0.0001224,0.95677,37.5399,0.00018007,1.6239e-05,467.018,0.048785,2.5135,6.2505e-05,Heun
0,5.7514,0.86065,-1.0269,0.076862,0.0073762,0.0071709,0.00020532,0.94874,34.4642,0.12449,0.012272,467.018,39.0588,3.391,4.1791e-05,Heun
0,4.3223,0.99691,-0.71244,0.053248,0.00034237,0.00018414,0.00015823,0.95938,40.2033,0.0037028,0.00031184,467.018,0.79322,2.8689,3.9551e-05,Heun
0,197.7614,0.55414,-1.3098,0.075812,0.20363,0.2009,0.0027327,0.79337,17.8029,2.2455,0.47082,467.018,913.0403,4.0055,1.4791e-05,Heun
0,22.2689,0.96952,-1.0763,0.023759,0.043776,0.042767,0.0010086,0.92988,37.3999,0.83636,0.074878,467.018,81.5664,3.4865,9.9074e-05,Heun
0,4.9428,0.81993,-0.9303,0.065527,0.0026051,0.0024491,0.00015597,0.94963,32.9912,0.040505,0.0041607,467.018,10.7973,3.2228,4.9227e-05,Heun
0,118.6873,0.89496,-1.2419,0.029705,0.23987,0.23566,0.0042102,0.79034,27.4439,4.2541,0.50231,467.018,590.6323,3.8527,2.1132e-06,Heun
0,2.8193,0.51983,-0.58536,0.058154,0.00016506,3.2965e-05,0.0001321,0.92519,20.9673,0.00034565,5.5817e-05,467.018,0.083858,2.6262,7.2922e-05,Heun
0,5.1787,0.84005,-0.97838,0.038882,0.0079328,0.0076215,0.00031136,0.94729,33.6205,0.12914,0.013002,467.018,20.4539,3.3056,7.7765e-05,Heun
0,34.9138,0.92852,-1.3064,0.062084,0.23626,0.22784,0.0084115,0.79454,28.6084,4.2673,0.55028,467.018,1402.2569,4.1192,9.2934e-06,Heun
0,3.2599,0.41104,-0.73736,0.075548,0.000277,0.00017878,9.8222e-05,0.90719,16.5776,0.0014822,0.00030271,467.018,0.4764,2.8675,2.8014e-05,Heun
0,59.0025,0.30885,-1.2342,0.037585,0.17955,0.17848,0.0010688,0.76464,10.2227,1.1119,0.35973,467.018,206.0582,3.7162,6.5778e-06,Heun
0,29.9903,0.66376,-1.1301,0.060444,0.033842,0.033339,0.00050293,0.91867,25.8712,0.44636,0.058688,467.018,113.8781,3.5637,5.1198e-05,Heun
0,46.621,0.31596,-1.2087,0.054056,0.096337,0.095696,0.00064028,0.82184,11.5186,0.6099,0.18011,467.018,155.5505,3.6664,2.8918e-05,Heun
0,93.8929,0.69764,-1.3357,0.032786,0.49547,0.48769,0.0077872,0.58008,14.1995,6.8628,1.5182,467.018,1388.9784,4.1454,2.8982e-05,Heun
0,167.7165,0.6106,-1.3516,0.061868,0.33973,0.33212,0.0076134,0.69863,16.2641,4.0905,0.98723,467.018,1620.8778,4.2143,4.9559e-07,Heun
0,167.6922,0.26077,-1.388,0.062398,0.42654,0.4244,0.0021332,0.57265,6.0329,2.2324,1.5628,467.018,1171.0959,4.1467,2.5119e-06,Heun
0,55.3784,0.29866,-1.223,0.058942,0.10456,0.10391,0.00064565,0.81084,10.7885,0.62599,0.19861,467.018,177.5547,3.6918,1.0461e-05,Heun
0,23.9583,0.39196,-1.1234,0.04117,0.045221,0.044756,0.00046507,0.87468,15.0974,0.35385,0.079071,467.018,64.0525,3.5177,2.9038e-05,Heun
0,134.4489,0.23972,-1.3085,0.069434,0.21596,0.21498,0.00097763,0.71383,7.5824,1.0395,0.50553,467.018,425.0264,3.8702,1.2168e-06,Heun
0,31.153,0.95583,-1.1011,0.0268,0.052768,0.051661,0.001107,0.92334,36.5252,0.99601,0.091267,467.018,110.2991,3.5324,7.0627e-05,Heun
0,49.8282,0.5914,-1.3442,0.03651,0.47297,0.46699,0.0059826,0.59052,12.574,5.5707,1.5051,467.018,1347.0446,4.1442,6.9669e-05,Euler
0,113.5455,0.92004,-1.3583,0.050477,0.38814,0.3601,0.028041,0.68008,22.71,6.6827,1.3181,467.018,2532.7734,4.421,4.4717e-05,Heun
0,3.0862,0.28896,-0.71472,0.038193,0.00043558,0.0002644,0.00017117,0.87292,11.6522,0.0015411,0.00044767,467.018,0.26018,2.8138,3.0407e-05,Heun
0,205.3822,0.51179,-1.3191,0.057648,0.28285,0.27965,0.0032021,0.73139,14.8066,2.8869,0.6977,467.018,928.2054,4.0186,2.9541e-06,Heun
0,2.8293,0.52313,-0.70048,0.062509,0.00025869,0.00013454,0.00012415,0.92557,21.0985,0.0014197,0.00022783,467.018,0.37006,2.8177,2.5024e-05,Heun
0,4.0827,0.30558,-0.91961,0.070724,0.0020853,0.0019794,0.00010596,0.87796,12.3019,0.0122,0.00336,467.018,3.7957,3.1571,2.4662e-05,Heun
0,3.3276,0.96491,-0.65677,0.012868,0.0010195,0.00037265,0.00064682,0.95766,38.8864,0.007253,0.00063122,467.018,0.37599,2.7748,9.1205e-05,Heun
0,29.1552,0.24782,-1.1354,0.020626,0.1015,0.1008,0.00069776,0.79214,8.9829,0.5039,0.18426,467.018,49.1295,3.5133,3.3406e-05,Heun
0,92.5855,0.48253,-1.3907,0.030963,0.66574,0.65976,0.0059807,0.41059,6.5067,6.4215,3.2586,467.018,1822.6412,4.2986,1.7775e-05,Heun
0,2.8769,0.21232,-0.79888,0.048826,0.00072966,0.00060934,0.00012032,0.83453,8.5592,0.0026096,0.0010322,467.018,0.58925,2.94,4.7842e-05,Heun
0,4.1088,0.33519,-0.92651,0.019322,0.0082852,0.0078894,0.0003958,0.88358,13.4102,0.053341,0.013439,467.018,4.4925,3.1728,2.446e-05,Heun
0,3.4401,0.78538,-0.76347,0.072782,0.000374,0.00025946,0.00011454,0.94904,31.6717,0.0041103,0.00043944,467.018,1.2167,2.942,3.1453e-05,Heun
0,31.7207,0.56074,-1.1408,0.051146,0.045393,0.044821,0.00057212,0.90114,21.5944,0.50695,0.07964,467.018,111.2701,3.5727,1.2541e-05,Heun
0,4.9629,0.43706,-0.899,0.049849,0.0023206,0.002156,0.00016457,0.91093,17.5907,0.019007,0.0036584,467.018,4.0145,3.1394,3.2613e-05,Heun
0,72.7129,0.35116,-1.3446,0.033134,0.51155,0.50879,0.0027565,0.52715,6.9197,3.6039,1.6671,467.018,834.8056,4.0205,1.2612e-05,Euler
0,15.7328,0.34681,-1.0962,0.045219,0.029104,0.02878,0.00032403,0.87364,13.5837,0.20133,0.050766,467.018,40.6874,3.4627,5.4866e-05,Heun
0,3.0142,0.70049,-0.73287,0.074914,0.00027811,0.00017017,0.00010794,0.9433,28.2514,0.0024044,0.00028818,467.018,0.73705,2.8855,5.0234e-05,Heun
0,91.7518,0.2649,-1.2849,0.041047,0.27385,0.27257,0.0012852,0.68531,7.76,1.4564,0.63154,467.018,334.6166,3.8168,2.6353e-06,Heun
0,5.3056,0.82057,-0.96329,0.037923,0.0067433,0.006445,0.00029836,0.94699,32.88,0.10667,0.010983,467.018,16.4851,3.2787,8.4855e-05,Heun
0,3.3845,0.54869,-0.68094,0.069731,0.00020566,9.3831e-05,0.00011183,0.92882,22.1305,0.0010385,0.00015888,467.018,0.30092,2.7875,1.5551e-05,Heun
0,184.2737,0.44508,-1.3538,0.078167,0.29129,0.28784,0.0034482,0.71702,12.7251,2.5842,0.80357,467.018,1270.7455,4.136,4.3884e-07,Heun
0,92.4985,0.60862,-1.3203,0.027727,0.49161,0.48635,0.005265,0.57681,12.4823,5.9706,1.4737,467.018,1007.9766,4.0396,1.3329e-05,Heun
0,3.2775,0.83587,-0.55129,0.052835,0.00017789,2.3425e-05,0.00015447,0.95208,33.7143,0.00039496,3.9662e-05,467.018,0.084591,2.5926,7.2219e-05,Heun
0,209.2752,0.50289,-1.2811,0.054294,0.20921,0.20712,0.0020894,0.78344,16.043,2.101,0.45486,467.018,576.4924,3.8879,3.4352e-06,Heun
0,182.0948,0.62626,-1.3007,0.048225,0.27759,0.27377,0.0038265,0.74673,18.2512,3.4583,0.65834,467.018,884.5819,3.9893,1.8482e-06,Heun
0,5.484,0.9512,-0.82335,0.042375,0.00117,0.00096104,0.00020894,0.95699,38.3283,0.018439,0.0016288,467.018,3.1512,3.0511,2.526e-05,Heun
0,3.1194,0.64013,-0.81157,0.080787,0.00053596,0.0004335,0.00010245,0.93813,25.81,0.0055973,0.00073433,467.018,1.8606,3.012,2.8548e-05,Heun
0,49.5841,0.441,-1.1887,0.03435,0.11754,0.11648,0.0010531,0.83694,15.6995,1.0362,0.21921,467.018,161.0154,3.6492,3.8917e-05,Heun
0,2.7618,0.38439,-0.52646,0.050085,0.00016237,1.7969e-05,0.0001444,0.90147,15.5045,0.00013932,3.0413e-05,467.018,0.029865,2.5142,6.9333e-05,Heun
0,165.3083,0.35581,-1.3224,0.050488,0.31929,0.3172,0.0020902,0.6794,9.771,2.2765,0.83106,467.018,687.88,3.9599,4.7517e-06,Heun
0,17.9426,0.33657,-1.0677,0.040317,0.023126,0.022827,0.0002988,0.8747,13.2637,0.15497,0.039507,467.018,27.533,3.4116,2.5604e-05,Heun
0,3.9983,0.54856,-0.86185,0.063187,0.0011883,0.0010563,0.00013194,0.92818,22.1036,0.011688,0.001791,467.018,3.0722,3.0883,2.2319e-05,Heun
0,25.7911,0.9387,-1.0691,0.042399,0.022631,0.022101,0.00053076,0.94249,37.012,0.41847,0.038244,467.018,72.5902,3.4716,2.1781e-05,Heun
0,64.1251,0.9838,-1.2149,0.040604,0.13581,0.13311,0.0026991,0.86811,34.2981,2.6415,0.25977,467.018,475.0464,3.792,2.1696e-06,Heun
0,3.5308,0.2889,-0.9034,0.079224,0.0015265,0.0014357,9.0792e-05,0.87222,11.6368,0.0083664,0.0024358,467.018,2.9349,3.1275,2.5045e-05,Heun
0,4.2153,0.52698,-0.82225,0.061251,0.00078708,0.00065569,0.00013139,0.92574,21.2424,0.0069697,0.001111,467.018,1.7801,3.0204,1.7151e-05,Heun
0,137.9896,0.40977,-1.2633,0.037578,0.23899,0.23722,0.0017697,0.74825,12.5802,1.9607,0.52296,467.018,376.6487,3.8094,1.8414e-06,Heun
0,157.5374,0.76897,-1.3095,0.042787,0.32859,0.3221,0.0064936,0.71838,20.8283,4.996,0.83052,467.018,1174.4844,4.0689,2.7098e-05,Heun
0,37.717,0.29393,-1.1864,0.025485,0.15069,0.14973,0.00095265,0.77904,10.071,0.88776,0.2869,467.018,107.7475,3.6159,4.2601e-05,Heun
0,100.746,0.60629,-1.3056,0.014189,0.69575,0.6906,0.0051533,0.38503,7.4416,8.4455,2.3847,467.018,745.4606,3.9584,1.8064e-07,Heun
0,3.2026,0.40999,-0.69401,0.045849,0.00032968,0.00016881,0.00016087,0.90694,16.5341,0.001396,0.00028585,467.018,0.27237,2.7954,5.618e-05,Heun
0,3.5321,0.22338,-0.85682,0.051205,0.0013431,0.0012225,0.00012057,0.84103,8.9993,0.0055082,0.0020718,467.018,1.294,3.0385,2.2778e-05,Heun
0,5.434,0.78426,-1.0108,0.058671,0.0078776,0.0076433,0.00023434,0.94413,31.3894,0.12091,0.013062,467.018,29.0447,3.3577,8.3716e-05,Heun
0,3.1746,0.66282,-0.71771,0.012532,0.0014946,0.0008509,0.00064366,0.93951,26.6994,0.011376,0.0014179,467.018,0.57562,2.8576,3.423e-05,Heun
0,3.816,0.56708,-0.81005,0.019771,0.0021445,0.0017357,0.00040881,0.92973,22.8279,0.019854,0.0029427,467.018,1.6284,3.0036,4.8995e-05,Heun
0,3.063,0.63744,-0.55962,0.040971,0.00022699,3.3621e-05,0.00019337,0.93809,25.7098,0.0004323,5.6917e-05,467.018,0.072857,2.5932,6.3341e-05,Heun
0,35.4049,0.38528,-1.1604,0.054638,0.05387,0.053391,0.00047952,0.86764,14.7054,0.41492,0.095917,467.018,101.2537,3.5856,4.1907e-05,Heun
0,4.2691,0.69925,-0.96116,0.073123,0.0034036,0.0032577,0.00014598,0.9412,28.1129,0.045947,0.0055417,467.018,13.7978,3.2669,3.1095e-05,Heun
0,14.2373,0.51641,-1.0436,0.076437,0.0090936,0.0089175,0.0001761,0.91906,20.6435,0.092889,0.015285,467.018,29.9157,3.3922,3.5272e-05,Heun
0,83.7402,0.99039,-1.3665,0.047108,0.43456,0.39313,0.041428,0.64229,22.5916,7.8536,1.5694,467.018,2964.3049,4.5211,4.9674e-05,Heun
0,5.3888,0.90813,-1.0134,0.050286,0.0095103,0.0092134,0.00029691,0.94967,36.2874,0.16877,0.015763,467.018,34.5271,3.3703,7.7769e-05,Heun
0,3.6536,0.83695,-0.85113,0.065834,0.0010191,0.00088359,0.00013555,0.95159,33.7295,0.014917,0.0014978,467.018,3.9844,3.0911,3.2836e-05,Heun
0,28.5906,0.4095,-1.1158,0.077095,0.022233,0.021986,0.00024758,0.89302,16.1526,0.1816,0.038298,467.018,60.8788,3.5069,6.6816e-05,Heun
0,3.041,0.74378,-0.77321,0.046218,0.00064283,0.00046296,0.00017986,0.94618,29.9862,0.0069457,0.00078422,467.018,1.3094,2.9555,4.8891e-05,Heun
0,84.372,0.77698,-1.2829,0.01589,0.55406,0.54765,0.0064084,0.53004,13.9779,8.583,1.5893,467.018,759.1831,3.9393,3.2263e-06,Heun
0,4.1667,0.82324,-0.80998,0.014556,0.0029447,0.0023545,0.00059022,0.9496,33.1132,0.039098,0.0039936,467.018,2.3107,3.0217,2.6636e-05,Heun
0,4.2918,0.92298,-0.92191,0.047107,0.0032775,0.0030585,0.00021904,0.95439,37.1125,0.056941,0.0051963,467.018,10.8506,3.2147,4.9239e-05,Heun
0,3.0097,0.46733,-0.83141,0.078725,0.00067462,0.00057444,0.00010018,0.91717,18.8402,0.0054149,0.00097231,467.018,1.7924,3.0299,1.6844e-05,Heun
0,108.8192,0.79526,-1.2722,0.057527,0.18131,0.17792,0.0033878,0.82768,26.2655,2.854,0.38268,467.018,796.3643,3.9382,9.1028e-06,Heun
0,72.4808,0.58394,-1.2234,0.071311,0.087409,0.086383,0.0010261,0.87604,21.498,1.0175,0.16494,467.018,329.0288,3.7533,4.2484e-07,Heun
0,23.4524,0.68789,-1.1152,0.049875,0.034112,0.033569,0.00054305,0.92046,26.8042,0.46578,0.058778,467.018,97.3163,3.5375,5.7632e-05,Heun
0,39.4216,0.88755,-1.1741,0.035873,0.095604,0.093943,0.0016607,0.89164,32.3824,1.6818,0.17403,467.018,258.4575,3.6779,1.4591e-05,Heun
0,2.4999,0.66138,-0.7671,0.051753,0.00053989,0.00038228,0.00015761,0.93999,26.6667,0.0050999,0.00064748,467.018,1.0837,2.9396,5.422e-05,Heun
0,54.3169,0.39195,-1.234,0.038842,0.17277,0.17149,0.0012835,0.79062,13.0799,1.3558,0.34714,467.018,254.2843,3.7362,1.1061e-05,Heun
0,82.4668,0.22294,-1.3304,0.041622,0.39306,0.39163,0.0014305,0.58217,5.4586,1.7611,1.1172,467.018,496.9989,3.9141,8.1517e-06,Heun
0,2.4979,0.33434,-0.76396,0.038437,0.00067799,0.0004944,0.00018359,0.88806,13.4788,0.0033342,0.00083729,467.018,0.55683,2.9022,2.394e-05,Heun
0,23.1359,0.77016,-1.1179,0.038605,0.045305,0.044531,0.0007741,0.91885,29.6618,0.69178,0.078616,467.018,111.6865,3.5501,5.6896e-05,Heun
0,3.6989,0.57687,-0.83975,0.035367,0.0016547,0.0014209,0.0002338,0.93113,23.2335,0.016534,0.0024091,467.018,2.4235,3.0539,2.8962e-05,Heun
0,4.4511,0.30159,-0.56335,0.074112,0.00011051,1.9503e-05,9.1005e-05,0.87778,12.1653,0.00011865,3.3013e-05,467.018,0.038654,2.5644,6.4739e-05,Heun
0,3.4472,0.27803,-0.66614,0.080598,0.00014842,6.7152e-05,8.1269e-05,0.86876,11.2147,0.0003766,0.00011367,467.018,0.13482,2.7314,8.8492e-05,Heun
0,63.4695,0.96601,-1.3995,0.022524,0.82516,0.77745,0.047717,0.25389,6.8134,15.1487,4.9683,467.018,3457.4501,4.6578,1.6423e-05,Euler
0,3.1873,0.97647,-0.50904,0.058967,0.00015225,1.2201e-05,0.00014004,0.9587,39.3867,0.00024031,2.0654e-05,467.018,0.057039,2.5301,6.2433e-05,Heun
0,3.0029,0.84022,-0.67879,0.06917,0.00021108,9.2026e-05,0.00011906,0.95229,33.889,0.0015597,0.00015581,467.018,0.43721,2.8045,3.6571e-05,Heun
0,2.5015,0.93259,-0.58923,0.081443,0.00012601,2.4742e-05,0.00010126,0.95686,37.6175,0.00046542,4.1888e-05,467.018,0.15289,2.661,6.2666e-05,Heun
0,3.2831,0.72459,-0.73522,0.038595,0.00055247,0.00034041,0.00021206,0.9449,29.2152,0.0049753,0.00057652,467.018,0.78425,2.8911,2.5127e-05,Heun
0,4.1815,0.94719,-0.80023,0.027672,0.0014073,0.0010936,0.00031368,0.95666,38.1578,0.020894,0.0018532,467.018,2.3316,3.0124,3.9055e-05,Heun
0,3.3702,0.79451,-0.80515,0.034434,0.0011835,0.00093615,0.00024733,0.94907,32.0139,0.015003,0.0015865,467.018,2.1006,3.0119,4.3992e-05,Heun
0,4.2849,0.33695,-0.51593,0.015404,0.00050393,5.1017e-05,0.00045291,0.88893,13.5863,0.00034674,8.6372e-05,467.018,0.023181,2.4907,6.6238e-05,Heun
0,2.0015,0.42154,-0.56452,0.011888,0.00074474,0.00012342,0.00062132,0.90899,16.9929,0.0010494,0.0002089,467.018,0.052926,2.5817,7.3699e-05,Heun
0,93.8602,0.85877,-1.2912,0.067934,0.18701,0.18227,0.0047345,0.82716,28.1655,3.1573,0.41389,467.018,1091.4174,4.0308,2.1322e-07,Heun
0,7.9011,0.96018,-0.63963,0.075356,0.00016114,5.1079e-05,0.00011006,0.95802,38.729,0.00098928,8.6489e-05,467.018,0.30035,2.7461,6.3033e-05,Heun
0,3.5742,0.50525,-0.8331,0.011798,0.0045841,0.0039055,0.00067856,0.9204,20.2891,0.039802,0.0066309,467.018,1.9658,3.0364,2.5395e-05,Heun
0,38.157,0.3495,-1.0738,0.062465,0.016224,0.015973,0.00025098,0.88268,13.8706,0.11261,0.027581,467.018,30.8615,3.4242,9.815e-05,Heun
0,120.4032,0.42082,-1.2681,0.029779,0.30481,0.30261,0.0022019,0.70249,11.8019,2.5687,0.70187,467.018,400.2819,3.8219,3.5237e-06,Heun
0,2.3456,0.33009,-0.82832,0.062009,0.00081563,0.00070024,0.00011539,0.8867,13.3055,0.0046623,0.0011864,467.018,1.2584,3.0086,4.5998e-05,Heun
0,4.3741,0.9678,-0.77435,0.04363,0.00069411,0.00049765,0.00019646,0.95799,39.0155,0.0097147,0.00084302,467.018,1.7076,2.9704,2.087e-05,Heun
0,5.7873,0.37905,-0.99934,0.06451,0.0061602,0.0060126,0.00014758,0.89646,15.1973,0.045971,0.010258,467.018,12.7878,3.301,2.9453e-05,Heun
0,2.2376,0.60477,-0.6323,0.031414,0.00036258,0.00011152,0.00025107,0.93488,24.3885,0.0013604,0.00018883,467.018,0.17641,2.7114,6.3954e-05,Heun
0,65.8115,0.96743,-1.2124,0.035518,0.14911,0.14626,0.0028486,0.85826,33.2086,2.8541,0.28755,467.018,450.4839,3.782,9.7016e-07,Heun
0,26.579,0.31944,-1.0247,0.058472,0.0093186,0.0091545,0.00016413,0.8781,12.7665,0.058985,0.01567,467.018,15.1859,3.3356,7.0414e-05,Heun
0,163.5344,0.40343,-1.3261,0.050321,0.3279,0.32537,0.0025346,0.68249,10.9383,2.6477,0.87491,467.018,804.3747,3.9943,3.4064e-06,Heun
0,59.269,0.94341,-1.2502,0.081901,0.10428,0.10189,0.0023912,0.88817,34.09,1.9389,0.20265,467.018,726.1877,3.8979,1.7179e-06,Heun
0,158.6444,0.40087,-1.3531,0.075542,0.29553,0.29269,0.00284,0.70574,11.3925,2.3666,0.82436,467.018,1145.9354,4.1058,4.6225e-06,Heun
0,2.8684,0.48133,-0.73594,0.079113,0.00026466,0.00016762,9.7038e-05,0.91964,19.4125,0.0016274,0.00028386,467.018,0.54039,2.8726,4.4317e-05,Heun
0,2.0564,0.63978,-0.55904,0.05159,0.00018001,2.6531e-05,0.00015348,0.93833,25.8052,0.00034238,4.4866e-05,467.018,0.072565,2.5924,6.3332e-05,Heun
0,2.7125,0.80576,-0.693,0.056806,0.00027922,0.00013448,0.00014474,0.95032,32.4967,0.0021858,0.00022771,467.018,0.50425,2.8261,4.4916e-05,Heun
0,6.9062,0.65426,-1.0413,0.078618,0.0086116,0.0084209,0.00019069,0.9342,26.1666,0.11113,0.014424,467.018,36.2075,3.4009,3.5027e-05,Heun
0,2.3367,0.62464,-0.55477,0.036273,0.00025353,3.5681e-05,0.00021785,0.93688,25.1926,0.00044956,6.0411e-05,467.018,0.067171,2.5842,6.3367e-05,Heun
0,11.0053,0.30392,-1.1004,0.078346,0.018001,0.017822,0.000179,0.86753,12.0402,0.10926,0.030918,467.018,38.3229,3.4633,8.3588e-05,Heun
0,150.6546,0.20952,-1.3773,0.057372,0.41836,0.41685,0.0015084,0.55762,4.9163,1.7617,1.4805,467.018,853.6723,4.0581,3.8229e-06,Heun
0,2.8362,0.83543,-0.63131,0.058353,0.00019974,5.9279e-05,0.00014046,0.95204,33.6959,0.00099892,0.00010037,467.018,0.23631,2.7254,7.5915e-05,Heun
0,89.2564,0.33252,-1.3512,0.044674,0.44143,0.43895,0.0024816,0.58141,7.4929,2.9441,1.3462,467.018,892.2831,4.0417,1.855e-05,Euler
0,60.0484,0.72326,-1.1023,0.081217,0.017923,0.017611,0.00031122,0.93359,28.6548,0.25693,0.03056,467.018,86.8416,3.5167,4.339e-05,Heun
0,3.446,0.56043,-0.51042,0.0375,0.00022683,1.9529e-05,0.0002073,0.93019,22.6038,0.00022077,3.3059e-05,467.018,0.03434,2.5054,6.3483e-05,Heun
0,2.6666,0.93067,-0.50046,0.067165,0.00013199,9.5924e-06,0.0001224,0.95677,37.5399,0.00018007,1.6239e-05,467.018,0.048785,2.5135,6.2505e-05,Heun
0,6.6203,0.63067,-0.98164,0.050205,0.0063799,0.0061601,0.0002198,0.93352,25.2802,0.078364,0.010501,467.018,16.2753,3.2963,2.2033e-05,Heun
0,200.433,0.55414,-1.3098,0.075812,0.20363,0.2009,0.0027327,0.79337,17.8029,2.2455,0.47082,467.018,913.0403,4.0055,1.4791e-05,Heun
0,112.7213,0.20371,-1.349,0.075807,0.28016,0.2791,0.0010614,0.65151,5.9156,1.1468,0.77868,467.018,610.9841,3.9654,8.191e-07,Heun
0,120.5662,0.89496,-1.2419,0.029705,0.23987,0.23566,0.0042102,0.79034,27.4439,4.2541,0.50231,467.018,590.6323,3.8527,2.1132e-06,Heun
0,3.1511,0.4079,-0.79215,0.017544,0.0019813,0.0015542,0.00042712,0.90547,16.4227,0.012787,0.0026348,467.018,0.95576,2.9582,3.9995e-05,Heun
0,34.4372,0.92852,-1.3064,0.062084,0.23626,0.22784,0.0084115,0.79454,28.6084,4.2673,0.55028,467.018,1402.2569,4.1192,9.2934e-06,Heun
0,3.7868,0.31643,-0.89432,0.070327,0.0015447,0.0014397,0.000105,0.88195,12.7457,0.0091893,0.0024421,467.018,2.8293,3.1165,2.5124e-05,Heun
0,28.8712,0.66376,-1.1301,0.060444,0.033842,0.033339,0.00050293,0.91867,25.8712,0.44636,0.058688,467.018,113.8781,3.5637,5.1198e-05,Heun
0,2.4734,0.88242,-0.59455,0.051439,0.00020156,4.1943e-05,0.00015962,0.95447,35.5914,0.00074655,7.1012e-05,467.018,0.15527,2.6671,5.435e-05,Heun
0,167.1837,0.6106,-1.3516,0.061868,0.33973,0.33212,0.0076134,0.69863,16.2641,4.0905,0.98723,467.018,1620.8778,4.2143,4.9559e-07,Heun
0,8.2793,0.39193,-0.59253,0.0097293,0.00096242,0.00021597,0.00074645,0.90268,15.7961,0.0017074,0.0003658,467.018,0.070994,2.6248,6.4433e-05,Heun
0,24.1062,0.39196,-1.1234,0.04117,0.045221,0.044756,0.00046507,0.87468,15.0974,0.35385,0.079071,467.018,64.0525,3.5177,2.9038e-05,Heun
0,2.1337,0.92217,-0.50415,0.032697,0.0039321,2.0542e-05,0.0039115,0.95612,37.0558,0.0003821,3.4978e-05,467.018,0.050529,2.519,6.2529e-05,Heun
0,49.3512,0.5914,-1.3442,0.03651,0.47297,0.46699,0.0059826,0.59052,12.574,5.5707,1.5051,467.018,1347.0446,4.1442,6.9669e-05,Euler
0,4.3821,0.4954,-0.94511,0.03802,0.0053354,0.0050976,0.00023785,0.91852,19.8786,0.050938,0.0086736,467.018,8.1357,3.2226,2.6333e-05,Heun
0,202.0415,0.51179,-1.3191,0.057648,0.28285,0.27965,0.0032021,0.73139,14.8066,2.8869,0.6977,467.018,928.2054,4.0186,2.9541e-06,Heun
0,3.9151,0.27716,-0.58538,0.038339,0.00022067,5.0027e-05,0.00017065,0.86836,11.1788,0.00027969,8.4683e-05,467.018,0.047646,2.5972,6.4975e-05,Heun
0,3.2883,0.96491,-0.65677,0.012868,0.0010195,0.00037265,0.00064682,0.95766,38.8864,0.007253,0.00063122,467.018,0.37599,2.7748,9.1205e-05,Heun
0,2.7577,0.38782,-0.72832,0.03265,0.00059104,0.00036823,0.00022281,0.90199,15.6363,0.0028805,0.00062365,467.018,0.40238,2.8498,5.0076e-05,Heun
0,2.6376,0.21232,-0.79888,0.048826,0.00072966,0.00060934,0.00012032,0.83453,8.5592,0.0026096,0.0010322,467.018,0.58925,2.94,4.7842e-05,Heun
0,2.698,0.71929,-0.74326,0.055669,0.00040869,0.00026169,0.000147,0.94461,29.0057,0.0037968,0.00044317,467.018,0.86357,2.9041,4.276e-05,Heun
0,31.8153,0.56074,-1.1408,0.051146,0.045393,0.044821,0.00057212,0.90114,21.5944,0.50695,0.07964,467.018,111.2701,3.5727,1.2541e-05,Heun
0,28.6342,0.79575,-1.0431,0.046993,0.014789,0.014378,0.00041147,0.94037,31.6274,0.23078,0.024715,467.018,44.5286,3.415,2.3461e-05,Heun
0,15.2859,0.34681,-1.0962,0.045219,0.029104,0.02878,0.00032403,0.87364,13.5837,0.20133,0.050766,467.018,40.6874,3.4627,5.4866e-05,Heun
0,4.9752,0.82057,-0.96329,0.037923,0.0067433,0.006445,0.00029836,0.94699,32.88,0.10667,0.010983,467.018,16.4851,3.2787,8.4855e-05,Heun
0,5.2416,0.55743,-0.73909,0.074801,0.0002898,0.00018461,0.0001052,0.9298,22.4811,0.0020757,0.00031262,467.018,0.64453,2.8848,3.8731e-05,Heun
0,92.429,0.60862,-1.3203,0.027727,0.49161,0.48635,0.005265,0.57681,12.4823,5.9706,1.4737,467.018,1007.9766,4.0396,1.3329e-05,Heun
0,3.7752,0.71545,-0.78466,0.046121,0.0007174,0.00053737,0.00018002,0.94413,28.842,0.007755,0.00091033,467.018,1.4621,2.9726,4.8313e-05,Heun
0,179.3064,0.62626,-1.3007,0.048225,0.27759,0.27377,0.0038265,0.74673,18.2512,3.4583,0.65834,467.018,884.5819,3.9893,1.8482e-06,Heun
0,43.6645,0.90075,-1.1041,0.040427,0.03659,0.035856,0.00073427,0.93162,35.0084,0.65146,0.062842,467.018,108.8268,3.5344,5.4233e-05,Heun
0,3.6716,0.57674,-0.73854,0.047108,0.00045935,0.00029104,0.00016832,0.93188,23.256,0.0033858,0.00049288,467.018,0.66054,2.8855,1.7222e-05,Heun
0,160.4623,0.35581,-1.3224,0.050488,0.31929,0.3172,0.0020902,0.6794,9.771,2.2765,0.83106,467.018,687.88,3.9599,4.7517e-06,Heun
0,3.6975,0.38213,-0.78347,0.071054,0.00044739,0.00034365,0.00010373,0.90077,15.409,0.0026489,0.000582,467.018,0.80641,2.9408,4.7587e-05,Heun
0,25.2059,0.9387,-1.0691,0.042399,0.022631,0.022101,0.00053076,0.94249,37.012,0.41847,0.038244,467.018,72.5902,3.4716,2.1781e-05,Heun
0,3.4585,0.9239,-0.70526,0.063404,0.00027287,0.00014105,0.00013182,0.95637,37.2618,0.0026286,0.00023882,467.018,0.67253,2.8532,3.766e-05,Heun
0,3.6576,0.2889,-0.9034,0.079224,0.0015265,0.0014357,9.0792e-05,0.87222,11.6368,0.0083664,0.0024358,467.018,2.9349,3.1275,2.5045e-05,Heun
0,6.4469,0.67592,-0.96397,0.016533,0.015483,0.014852,0.00063027,0.93158,26.8455,0.2025,0.025411,467.018,13.8012,3.2697,6.8429e-05,Heun
0,152.0256,0.76897,-1.3095,0.042787,0.32859,0.3221,0.0064936,0.71838,20.8283,4.996,0.83052,467.018,1174.4844,4.0689,2.7098e-05,Heun
0,5.4899,0.43734,-0.92221,0.070898,0.0021611,0.0020415,0.0001196,0.91108,17.605,0.01801,0.003466,467.018,5.4129,3.1782,5.122e-05,Heun
0,102.1496,0.60629,-1.3056,0.014189,0.69575,0.6906,0.0051533,0.38503,7.4416,8.4455,2.3847,467.018,745.4606,3.9584,1.8064e-07,Heun
0,31.0026,0.84081,-1.1376,0.024683,0.08871,0.087193,0.0015173,0.89397,30.9108,1.4788,0.15831,467.018,154.0207,3.5945,1.827e-05,Heun
0,5.6023,0.78426,-1.0108,0.058671,0.0078776,0.0076433,0.00023434,0.94413,31.3894,0.12091,0.013062,467.018,29.0447,3.3577,8.3716e-05,Heun
0,11.3605,0.38983,-1.0106,0.012559,0.035903,0.035132,0.00077173,0.88014,15.1617,0.27625,0.060909,467.018,15.0218,3.3209,2.9438e-05,Heun
0,3.3201,0.63744,-0.55962,0.040971,0.00022699,3.3621e-05,0.00019337,0.93809,25.7098,0.0004323,5.6917e-05,467.018,0.072857,2.5932,6.3341e-05,Heun
0,3.7602,0.59112,-0.68195,0.047343,0.00030678,0.00014006,0.00016672,0.93352,23.8395,0.0016699,0.00023709,467.018,0.32677,2.7927,6.5705e-05,Heun
0,15.8289,0.51641,-1.0436,0.076437,0.0090936,0.0089175,0.0001761,0.91906,20.6435,0.092889,0.015285,467.018,29.9157,3.3922,3.5272e-05,Heun
0,2.7458,0.23019,-0.79403,0.01907,0.0017866,0.0014655,0.00032108,0.84472,9.2697,0.0068044,0.0024835,467.018,0.59246,2.9354,3.843e-05,Heun
0,4.2509,0.83695,-0.85113,0.065834,0.0010191,0.00088359,0.00013555,0.95159,33.7295,0.014917,0.0014978,467.018,3.9844,3.0911,3.2836e-05,Heun
0,2.4538,0.46829,-0.70455,0.082356,0.0001999,0.0001077,9.2201e-05,0.91763,18.8877,0.0010173,0.0001822,467.018,0.35207,2.8192,5.373e-05,Heun
0,100.3534,0.77698,-1.2829,0.01589,0.55406,0.54765,0.0064084,0.53004,13.9779,8.583,1.5893,467.018,759.1831,3.9393,3.2263e-06,Heun
0,7.2073,0.59534,-1.0192,0.06555,0.007814,0.007621,0.000193,0.92915,23.8294,0.091517,0.01303,467.018,24.9695,3.3576,2.6516e-05,Heun
0,5.5088,0.92298,-0.92191,0.047107,0.0032775,0.0030585,0.00021904,0.95439,37.1125,0.056941,0.0051963,467.018,10.8506,3.2147,4.9239e-05,Heun
0,190.0297,0.759,-1.2862,0.05262,0.22514,0.22103,0.0041077,0.79422,23.7257,3.3839,0.50062,467.018,897.0623,3.9779,9.9485e-06,Heun
0,123.5589,0.79526,-1.2722,0.057527,0.18131,0.17792,0.0033878,0.82768,26.2655,2.854,0.38268,467.018,796.3643,3.9382,9.1028e-06,Heun
0,36.3166,0.92378,-1.1143,0.04828,0.034885,0.034188,0.0006966,0.9338,35.9668,0.63705,0.059987,467.018,127.1627,3.5561,4.9004e-05,Heun
0,46.4846,0.88755,-1.1741,0.035873,0.095604,0.093943,0.0016607,0.89164,32.3824,1.6818,0.17403,467.018,258.4575,3.6779,1.4591e-05,Heun
0,3.8403,0.34634,-0.89984,0.07335,0.0015859,0.0014815,0.00010444,0.89094,13.9497,0.01035,0.0025132,467.018,3.2903,3.1299,2.4879e-05,Heun
0,96.6451,0.22294,-1.3304,0.041622,0.39306,0.39163,0.0014305,0.58217,5.4586,1.7611,1.1172,467.018,496.9989,3.9141,8.1517e-06,Heun
0,4.587,0.98294,-0.89799,0.070836,0.0016375,0.0014978,0.00013975,0.95799,39.5888,0.029696,0.0025414,467.018,8.4805,3.1777,3.0689e-05,Heun
0,5.0664,0.57687,-0.83975,0.035367,0.0016547,0.0014209,0.0002338,0.93113,23.2335,0.016534,0.0024091,467.018,2.4235,3.0539,2.8962e-05,Heun
0,30.2292,0.23394,-1.168,0.014844,0.19996,0.19886,0.0010965,0.72144,7.5506,0.9384,0.38898,467.018,68.8907,3.567,2.9169e-05,Heun
0,3.5877,0.27738,-0.78431,0.03065,0.001022,0.00080514,0.00021686,0.86796,11.1787,0.0045048,0.0013638,467.018,0.61372,2.9275,2.3906e-05,Heun
0,29.4587,0.77795,-1.038,0.045463,0.014285,0.013932,0.00035251,0.93959,30.9357,0.21862,0.023927,467.018,40.8287,3.4047,1.8449e-05,Heun
0,17.4222,0.61488,-1.0568,0.067214,0.012217,0.011979,0.00023782,0.92828,24.5021,0.14858,0.020593,467.018,41.6479,3.4247,4.4857e-05,Heun
0,3.4731,0.84026,-0.616,0.0085879,0.0012841,0.0003307,0.0009534,0.9516,33.8542,0.005605,0.00056024,467.018,0.19512,2.7003,9.6247e-05,Heun
0,33.1261,0.86025,-1.1353,0.022522,0.094109,0.092469,0.0016404,0.8913,31.4381,1.6045,0.16841,467.018,152.5022,3.5914,3.8463e-05,Heun
0,3.9451,0.33871,-0.86226,0.02145,0.0034681,0.0031251,0.00034295,0.8876,13.6168,0.021351,0.0053036,467.018,1.9895,3.0662,2.6576e-05,Heun
0,5.4974,0.84269,-0.99267,0.075913,0.0048636,0.0046929,0.00017062,0.94942,33.8303,0.07977,0.0080013,467.018,24.6723,3.3304,4.5376e-05,Heun
0,4.6292,0.6215,-0.89751,0.044534,0.0025674,0.0023668,0.00020063,0.93511,25.0081,0.029671,0.0040177,467.018,5.4547,3.1539,8.9435e-05,Heun
0,11.6792,0.70238,-1.0136,0.028199,0.016883,0.016417,0.00046604,0.93274,27.8568,0.23258,0.028178,467.018,27.0518,3.3565,3.3214e-05,Heun
0,21.6482,0.21239,-1.1388,0.021372,0.10208,0.10146,0.00061413,0.77253,7.6936,0.43467,0.18578,467.018,45.0772,3.5115,3.0659e-05,Heun
0,3.5494,0.28497,-0.53876,0.040628,0.00018835,2.5953e-05,0.0001624,0.87152,11.4942,0.00014918,4.3908e-05,467.018,0.02682,2.521,6.4756e-05,Heun
0,3.6433,0.93627,-0.73342,0.056718,0.0003746,0.00022633,0.00014827,0.95686,37.7565,0.0042744,0.0003833,467.018,0.9779,2.9006,3.1063e-05,Heun
0,3.1944,0.4153,-0.7866,0.066261,0.00049704,0.00038354,0.00011351,0.90791,16.7454,0.0032128,0.00064963,467.018,0.90502,2.9498,4.0411e-05,Heun
0,49.6482,0.95419,-1.3113,0.075153,0.21091,0.20123,0.009671,0.81365,30.3752,3.8731,0.48439,467.018,1549.1932,4.1578,6.6122e-05,Heun
0,96.6156,0.44116,-1.2528,0.032185,0.24703,0.24509,0.001947,0.74778,13.4008,2.181,0.5332,467.018,350.5804,3.7901,6.1614e-06,Heun
0,4.5605,0.6313,-0.9351,0.076516,0.0023659,0.0022399,0.00012598,0.93616,25.4076,0.028523,0.0037895,467.018,8.9708,3.2178,4.9772e-05,Heun
0,3.4721,0.34251,-0.54189,0.072313,0.00011223,1.5172e-05,9.7059e-05,0.89078,13.8158,0.00010482,2.5681e-05,467.018,0.032834,2.5345,6.5237e-05,Heun
0,137.9223,0.90549,-1.2918,0.021781,0.48106,0.47281,0.0082464,0.60043,18.9566,8.6357,1.301,467.018,1019.8521,4.014,2.3436e-05,Heun
0,5.7199,0.49513,-0.9082,0.032478,0.0039811,0.0037192,0.00026188,0.91934,19.895,0.037145,0.0063193,467.018,5.0631,3.1607,4.161e-05,Heun
0,4.3391,0.50102,-0.56869,0.026446,0.00034703,5.852e-05,0.00028851,0.92249,20.2049,0.0005914,9.9083e-05,467.018,0.065424,2.5968,7.5443e-05,Heun
0,85.3691,0.58562,-1.2528,0.080065,0.10845,0.10713,0.0013179,0.86216,21.0628,1.2655,0.21448,467.018,478.2407,3.8309,6.5562e-07,Heun
0,4.1313,0.38095,-0.88035,0.062953,0.0014673,0.0013443,0.00012303,0.89985,15.3457,0.01033,0.0022797,467.018,2.79,3.1018,2.5186e-05,Heun
0,3.2694,0.40144,-0.72325,0.022493,0.1916,0.00051236,0.19109,0.88384,13.0921,0.0041488,0.00084821,467.018,0.32215,2.8333,3.8924e-05,Heun
0,3.8839,0.41222,-0.7094,0.060805,0.00027695,0.00015511,0.00012184,0.90743,16.6253,0.0012897,0.00026265,467.018,0.33354,2.8212,1.85e-05,Heun
0,4.7851,0.7842,-0.82215,0.041261,0.0011802,0.00097173,0.00020845,0.94844,31.5987,0.015371,0.001647,467.018,2.5809,3.0396,2.1569e-05,Heun
0,3.5374,0.28622,-0.66547,0.065449,0.00018333,8.1984e-05,0.00010135,0.87201,11.5443,0.00047331,0.00013879,467.018,0.13708,2.7316,3.1291e-05,Heun
0,6.1589,0.85421,-0.68983,0.064408,0.00024231,0.00011388,0.00012842,0.95302,34.4519,0.0019622,0.00019284,467.018,0.51185,2.8237,3.3669e-05,Heun
0,3.094,0.21801,-0.8279,0.046163,0.0010658,0.00093541,0.00013044,0.83794,8.7855,0.0041134,0.0015851,467.018,0.87459,2.9894,4.9386e-05,Heun
0,13.6465,0.27538,-1.0804,0.040697,0.02681,0.026529,0.00028156,0.85125,10.8116,0.14736,0.046081,467.018,27.1518,3.4235,4.2246e-05,Heun
0,4.2953,0.75676,-0.81279,0.0090652,0.0048515,0.0039154,0.00093606,0.94434,30.3809,0.059767,0.006648,467.018,2.2102,3.0222,5.6269e-05,Heun
0,93.5219,0.22688,-1.272,0.079301,0.13402,0.13341,0.00060776,0.76083,7.9262,0.61054,0.27709,467.018,260.9539,3.7768,2.232e-06,Heun
0,2.6865,0.85598,-0.6426,0.081196,0.0001506,4.9252e-05,0.00010135,0.95317,34.5268,0.00085038,8.3386e-05,467.018,0.27957,2.7454,6.9263e-05,Heun
0,85.2566,0.62507,-1.2408,0.052019,0.1427,0.14094,0.0017681,0.84264,21.6179,1.7769,0.28293,467.018,430.4303,3.8042,5.9218e-07,Heun
0,2.4547,0.68877,-0.56788,0.057086,0.00016673,2.6829e-05,0.0001399,0.94246,27.7815,0.00037273,4.5423e-05,467.018,0.087134,2.6107,6.3211e-05,Heun
0,147.0758,0.27266,-1.3212,0.051952,0.30622,0.30474,0.0014792,0.66558,7.6313,1.676,0.7959,467.018,540.439,3.9177,1.1515e-05,Heun
0,172.5597,0.4248,-1.3595,0.081816,0.29179,0.28842,0.003369,0.71329,12.1369,2.4714,0.82555,467.018,1310.099,4.1509,6.343e-07,Heun
0,2.6014,0.56594,-0.80544,0.080495,0.00050248,0.00040209,0.00010039,0.93065,22.8195,0.00459,0.00068124,467.018,1.5328,2.9959,2.2646e-05,Heun
0,2.9195,0.39257,-0.72874,0.028825,0.00067352,0.00041931,0.0002542,0.903,15.8261,0.0033203,0.00071023,467.018,0.40901,2.8511,4.6025e-05,Heun
0,4.8345,0.73745,-0.84445,0.036438,0.0017028,0.0014647,0.00023811,0.94506,29.6993,0.021788,0.0024837,467.018,3.2421,3.0737,2.5066e-05,Heun
0,31.0166,0.40383,-1.1524,0.015197,0.16482,0.16336,0.0014629,0.7982,13.6061,1.3307,0.31117,467.018,91.8874,3.5707,3.7215e-05,Heun
0,52.4402,0.87551,-1.1951,0.051328,0.086669,0.085158,0.0015114,0.89709,32.2587,1.5039,0.15928,467.018,335.1237,3.7271,2.6438e-06,Heun
0,70.4559,0.74027,-1.373,0.041935,0.48846,0.4696,0.01886,0.59205,15.2764,7.012,1.917,467.018,2364.4481,4.3995,2.545e-05,Heun
0,2.0928,0.50942,-0.67812,0.045555,0.00030748,0.00013852,0.00016897,0.92369,20.5445,0.0014233,0.00023456,467.018,0.27092,2.7793,1.5715e-05,Heun
0,6.7467,0.9307,-0.773,0.034819,0.00085791,0.00061281,0.0002451,0.9563,37.5139,0.011504,0.0010381,467.018,1.6164,2.9662,3.9019e-05,Heun
0,4.3065,0.63751,-0.50998,0.081305,0.00010618,8.9563e-06,9.7221e-05,0.93817,25.7154,0.00011517,1.5161e-05,467.018,0.038515,2.5108,8.7622e-05,Heun
0,3.9013,0.97647,-0.50904,0.058967,0.00015225,1.2201e-05,0.00014004,0.9587,39.3867,0.00024031,2.0654e-05,467.018,0.057039,2.5301,6.2433e-05,Heun
0,2.8204,0.96759,-0.63934,0.025676,0.0004692,0.00014934,0.00031986,0.95813,39.0162,0.0029148,0.00025289,467.018,0.30142,2.746,6.3011e-05,Heun
0,4.5135,0.94719,-0.80023,0.027672,0.0014073,0.0010936,0.00031368,0.95666,38.1578,0.020894,0.0018532,467.018,2.3316,3.0124,3.9055e-05,Heun
0,2.9029,0.51378,-0.74322,0.017458,0.0012792,0.00083375,0.00044547,0.92368,20.7004,0.0086405,0.0014125,467.018,0.62996,2.8878,4.2121e-05,Heun
0,2.8596,0.22547,-0.8767,0.03826,0.002274,0.0021099,0.00016414,0.84171,9.075,0.0095954,0.0035794,467.018,1.6832,3.072,1.9938e-05,Heun
0,94.4259,0.85877,-1.2912,0.067934,0.18701,0.18227,0.0047345,0.82716,28.1655,3.1573,0.41389,467.018,1091.4174,4.0308,2.1322e-07,Heun
0,3.625,0.83616,-0.84676,0.062346,0.0010246,0.00088212,0.00014244,0.95155,33.6976,0.014878,0.0014953,467.018,3.7635,3.0838,4.6244e-05,Heun
0,77.3304,0.74376,-1.2298,0.049108,0.13396,0.13196,0.0019965,0.85756,25.9853,1.9798,0.26023,467.018,441.4214,3.7967,4.7388e-07,Heun
0,3.6543,0.59869,-0.91526,0.040828,0.0034635,0.0032401,0.00022334,0.93228,24.0686,0.039128,0.0055046,467.018,6.6141,3.1818,6.4795e-05,Heun
0,5.8137,0.37905,-0.99934,0.06451,0.0061602,0.0060126,0.00014758,0.89646,15.1973,0.045971,0.010258,467.018,12.7878,3.301,2.9453e-05,Heun
0,2.2203,0.75926,-0.61347,0.018738,0.00057928,0.00014677,0.00043251,0.94725,30.6122,0.0022477,0.00024855,467.018,0.17157,2.6911,6.3266e-05,Heun
0,2.8851,0.3109,-0.82372,0.066856,0.0007171,0.00061223,0.00010487,0.88063,12.5333,0.0038394,0.0010372,467.018,1.125,2.9982,5.9186e-05,Heun
0,164.6465,0.40343,-1.3261,0.050321,0.3279,0.32537,0.0025346,0.68249,10.9383,2.6477,0.87491,467.018,804.3747,3.9943,3.4064e-06,Heun
0,3.3464,0.47999,-0.84114,0.02983,0.0019818,0.0017145,0.00026729,0.91834,19.3252,0.0166,0.0029075,467.018,2.0806,3.0474,2.6436e-05,Heun
0,2.486,0.57863,-0.7442,0.074635,0.00030411,0.00019757,0.00010654,0.93218,23.3359,0.002306,0.00033458,467.018,0.71261,2.8951,1.7185e-05,Heun
0,2.0607,0.63978,-0.55904,0.05159,0.00018001,2.6531e-05,0.00015348,0.93833,25.8052,0.00034238,4.4866e-05,467.018,0.072565,2.5924,6.3332e-05,Heun
0,3.7594,0.80298,-0.93796,0.047424,0.0039497,0.0037309,0.00021872,0.94779,32.2658,0.06043,0.0063432,467.018,11.674,3.2347,3.9522e-05,Heun
0,177.9519,0.24316,-1.3722,0.072015,0.34526,0.34364,0.0016205,0.62562,6.4227,1.6855,1.1047,467.018,931.0404,4.0724,2.1105e-06,Heun
0,11.2513,0.30392,-1.1004,0.078346,0.018001,0.017822,0.000179,0.86753,12.0402,0.10926,0.030918,467.018,38.3229,3.4633,8.3588e-05,Heun
0,2.3846,0.4697,-0.64201,0.013737,0.00083878,0.00028886,0.00054992,0.91745,18.9326,0.0027367,0.00048919,467.018,0.15809,2.7155,6.4638e-05,Heun
0,11.8245,0.62283,-0.99858,0.069155,0.0057242,0.0055543,0.00016997,0.93321,24.9821,0.069778,0.0094759,467.018,19.9976,3.3246,7.9751e-05,Heun
0,52.5163,0.72326,-1.1023,0.081217,0.017923,0.017611,0.00031122,0.93359,28.6548,0.25693,0.03056,467.018,86.8416,3.5167,4.339e-05,Heun
0,2.9195,0.26706,-0.91402,0.042439,0.0032344,0.0030687,0.00016566,0.86222,10.7387,0.01653,0.0052115,467.018,3.1401,3.1416,4.671e-05,Heun
0,4.9144,0.86065,-1.0269,0.076862,0.0073762,0.0071709,0.00020532,0.94874,34.4642,0.12449,0.012272,467.018,39.0588,3.391,4.1791e-05,Heun
0,172.9901,0.55414,-1.3098,0.075812,0.20363,0.2009,0.0027327,0.79337,17.8029,2.2455,0.47082,467.018,913.0403,4.0055,1.4791e-05,Heun
0,3.8881,0.81993,-0.9303,0.065527,0.0026051,0.0024491,0.00015597,0.94963,32.9912,0.040505,0.0041607,467.018,10.7973,3.2228,4.9227e-05,Heun
0,2.4622,0.51983,-0.58536,0.058154,0.00016506,3.2965e-05,0.0001321,0.92519,20.9673,0.00034565,5.5817e-05,467.018,0.083858,2.6262,7.2922e-05,Heun
0,30.3769,0.92852,-1.3064,0.062084,0.23626,0.22784,0.0084115,0.79454,28.6084,4.2673,0.55028,467.018,1402.2569,4.1192,9.2934e-06,Heun
0,51.1594,0.30885,-1.2342,0.037585,0.17955,0.17848,0.0010688,0.76464,10.2227,1.1119,0.35973,467.018,206.0582,3.7162,6.5778e-06,Heun
0,41.0368,0.31596,-1.2087,0.054056,0.096337,0.095696,0.00064028,0.82184,11.5186,0.6099,0.18011,467.018,155.5505,3.6664,2.8918e-05,Heun
0,164.6363,0.6106,-1.3516,0.061868,0.33973,0.33212,0.0076134,0.69863,16.2641,4.0905,0.98723,467.018,1620.8778,4.2143,4.9559e-07,Heun
0,58.7698,0.29866,-1.223,0.058942,0.10456,0.10391,0.00064565,0.81084,10.7885,0.62599,0.19861,467.018,177.5547,3.6918,1.0461e-05,Heun
0,135.5202,0.23972,-1.3085,0.069434,0.21596,0.21498,0.00097763,0.71383,7.5824,1.0395,0.50553,467.018,425.0264,3.8702,1.2168e-06,Heun
0,49.9269,0.5914,-1.3442,0.03651,0.47297,0.46699,0.0059826,0.59052,12.574,5.5707,1.5051,467.018,1347.0446,4.1442,6.9669e-05,Euler
0,2.99,0.28896,-0.71472,0.038193,0.00043558,0.0002644,0.00017117,0.87292,11.6522,0.0015411,0.00044767,467.018,0.26018,2.8138,3.0407e-05,Heun
0,2.9638,0.52313,-0.70048,0.062509,0.00025869,0.00013454,0.00012415,0.92557,21.0985,0.0014197,0.00022783,467.018,0.37006,2.8177,2.5024e-05,Heun
0,3.5506,0.96491,-0.65677,0.012868,0.0010195,0.00037265,0.00064682,0.95766,38.8864,0.007253,0.00063122,467.018,0.37599,2.7748,9.1205e-05,Heun
0,90.741,0.48253,-1.3907,0.030963,0.66574,0.65976,0.0059807,0.41059,6.5067,6.4215,3.2586,467.018,1822.6412,4.2986,1.7775e-05,Heun
0,4.1703,0.33519,-0.92651,0.019322,0.0082852,0.0078894,0.0003958,0.88358,13.4102,0.053341,0.013439,467.018,4.4925,3.1728,2.446e-05,Heun
0,31.7218,0.56074,-1.1408,0.051146,0.045393,0.044821,0.00057212,0.90114,21.5944,0.50695,0.07964,467.018,111.2701,3.5727,1.2541e-05,Heun
0,75.5446,0.35116,-1.3446,0.033134,0.51155,0.50879,0.0027565,0.52715,6.9197,3.6039,1.6671,467.018,834.8056,4.0205,1.2612e-05,Euler
0,2.9533,0.70049,-0.73287,0.074914,0.00027811,0.00017017,0.00010794,0.9433,28.2514,0.0024044,0.00028818,467.018,0.73705,2.8855,5.0234e-05,Heun
0,4.7895,0.82057,-0.96329,0.037923,0.0067433,0.006445,0.00029836,0.94699,32.88,0.10667,0.010983,467.018,16.4851,3.2787,8.4855e-05,Heun
0,182.747,0.44508,-1.3538,0.078167,0.29129,0.28784,0.0034482,0.71702,12.7251,2.5842,0.80357,467.018,1270.7455,4.136,4.3884e-07,Heun
0,3.0494,0.83587,-0.55129,0.052835,0.00017789,2.3425e-05,0.00015447,0.95208,33.7143,0.00039496,3.9662e-05,467.018,0.084591,2.5926,7.2219e-05,Heun
0,179.5058,0.62626,-1.3007,0.048225,0.27759,0.27377,0.0038265,0.74673,18.2512,3.4583,0.65834,467.018,884.5819,3.9893,1.8482e-06,Heun
0,3.0557,0.64013,-0.81157,0.080787,0.00053596,0.0004335,0.00010245,0.93813,25.81,0.0055973,0.00073433,467.018,1.8606,3.012,2.8548e-05,Heun
0,50.5724,0.441,-1.1887,0.03435,0.11754,0.11648,0.0010531,0.83694,15.6995,1.0362,0.21921,467.018,161.0154,3.6492,3.8917e-05,Heun
0,163.7808,0.35581,-1.3224,0.050488,0.31929,0.3172,0.0020902,0.6794,9.771,2.2765,0.83106,467.018,687.88,3.9599,4.7517e-06,Heun
0,3.608,0.54856,-0.86185,0.063187,0.0011883,0.0010563,0.00013194,0.92818,22.1036,0.011688,0.001791,467.018,3.0722,3.0883,2.2319e-05,Heun
0,3.4799,0.2889,-0.9034,0.079224,0.0015265,0.0014357,9.0792e-05,0.87222,11.6368,0.0083664,0.0024358,467.018,2.9349,3.1275,2.5045e-05,Heun
0,131.2842,0.40977,-1.2633,0.037578,0.23899,0.23722,0.0017697,0.74825,12.5802,1.9607,0.52296,467.018,376.6487,3.8094,1.8414e-06,Heun
0,35.5489,0.29393,-1.1864,0.025485,0.15069,0.14973,0.00095265,0.77904,10.071,0.88776,0.2869,467.018,107.7475,3.6159,4.2601e-05,Heun
0,102.8759,0.60629,-1.3056,0.014189,0.69575,0.6906,0.0051533,0.38503,7.4416,8.4455,2.3847,467.018,745.4606,3.9584,1.8064e-07,Heun
0,3.9529,0.22338,-0.85682,0.051205,0.0013431,0.0012225,0.00012057,0.84103,8.9993,0.0055082,0.0020718,467.018,1.294,3.0385,2.2778e-05,Heun
0,3.3181,0.66282,-0.71771,0.012532,0.0014946,0.0008509,0.00064366,0.93951,26.6994,0.011376,0.0014179,467.018,0.57562,2.8576,3.423e-05,Heun
0,3.3606,0.63744,-0.55962,0.040971,0.00022699,3.3621e-05,0.00019337,0.93809,25.7098,0.0004323,5.6917e-05,467.018,0.072857,2.5932,6.3341e-05,Heun
0,4.9187,0.69925,-0.96116,0.073123,0.0034036,0.0032577,0.00014598,0.9412,28.1129,0.045947,0.0055417,467.018,13.7978,3.2669,3.1095e-05,Heun
0,94.3238,0.99039,-1.3665,0.047108,0.43456,0.39313,0.041428,0.64229,22.5916,7.8536,1.5694,467.018,2964.3049,4.5211,4.9674e-05,Heun
0,4.3698,0.83695,-0.85113,0.065834,0.0010191,0.00088359,0.00013555,0.95159,33.7295,0.014917,0.0014978,467.018,3.9844,3.0911,3.2836e-05,Heun
0,3.5987,0.74378,-0.77321,0.046218,0.00064283,0.00046296,0.00017986,0.94618,29.9862,0.0069457,0.00078422,467.018,1.3094,2.9555,4.8891e-05,Heun
0,5.1199,0.92298,-0.92191,0.047107,0.0032775,0.0030585,0.00021904,0.95439,37.1125,0.056941,0.0051963,467.018,10.8506,3.2147,4.9239e-05,Heun
0,86.1818,0.58394,-1.2234,0.071311,0.087409,0.086383,0.0010261,0.87604,21.498,1.0175,0.16494,467.018,329.0288,3.7533,4.2484e-07,Heun
0,46.0445,0.88755,-1.1741,0.035873,0.095604,0.093943,0.0016607,0.89164,32.3824,1.6818,0.17403,467.018,258.4575,3.6779,1.4591e-05,Heun
0,64.5605,0.39195,-1.234,0.038842,0.17277,0.17149,0.0012835,0.79062,13.0799,1.3558,0.34714,467.018,254.2843,3.7362,1.1061e-05,Heun
0,2.8415,0.33434,-0.76396,0.038437,0.00067799,0.0004944,0.00018359,0.88806,13.4788,0.0033342,0.00083729,467.018,0.55683,2.9022,2.394e-05,Heun
0,4.4161,0.57687,-0.83975,0.035367,0.0016547,0.0014209,0.0002338,0.93113,23.2335,0.016534,0.0024091,467.018,2.4235,3.0539,2.8962e-05,Heun
0,8.2588,0.25716,-1.0429,0.040538,0.016824,0.016598,0.00022578,0.84942,10.1996,0.086096,0.028558,467.018,15.8467,3.3561,5.8917e-05,Heun
0,5.0247,0.85404,-0.51545,0.017274,0.00051851,4.5208e-05,0.0004733,0.95283,34.4355,0.00077879,7.6551e-05,467.018,0.054478,2.5341,6.2668e-05,Heun
0,17.3947,0.61488,-1.0568,0.067214,0.012217,0.011979,0.00023782,0.92828,24.5021,0.14858,0.020593,467.018,41.6479,3.4247,4.4857e-05,Heun
0,18.0674,0.56304,-1.0843,0.024884,0.045856,0.04514,0.00071532,0.9011,21.6724,0.51266,0.079201,467.018,54.0345,3.468,2.4911e-05,Heun
0,3.3974,0.30654,-0.65082,0.028439,0.00039466,0.00015629,0.00023837,0.87934,12.3614,0.00096636,0.0002646,467.018,0.12059,2.7103,9.516e-05,Heun
0,5.9825,0.84269,-0.99267,0.075913,0.0048636,0.0046929,0.00017062,0.94942,33.8303,0.07977,0.0080013,467.018,24.6723,3.3304,4.5376e-05,Heun
0,3.486,0.53344,-0.73171,0.036534,0.00055747,0.00034384,0.00021362,0.92671,21.5079,0.0036997,0.00058216,467.018,0.5627,2.8705,2.007e-05,Heun
0,118.4558,0.54532,-1.378,0.041058,0.53261,0.52465,0.0079638,0.538,10.2822,5.7709,2.0878,467.018,1867.5831,4.2959,1.5573e-05,Heun
0,3.202,0.28497,-0.53876,0.040628,0.00018835,2.5953e-05,0.0001624,0.87152,11.4942,0.00014918,4.3908e-05,467.018,0.02682,2.521,6.4756e-05,Heun
0,3.0773,0.47159,-0.71249,0.059336,0.00029392,0.0001655,0.00012842,0.9181,19.0194,0.0015743,0.00028004,467.018,0.3924,2.8327,2.3708e-05,Heun
0,116.5967,0.79029,-1.3047,0.024691,0.48261,0.47539,0.0072185,0.59514,16.4953,7.5781,1.3534,467.018,1055.8619,4.0356,2.8573e-05,Heun
0,49.5986,0.95419,-1.3113,0.075153,0.21091,0.20123,0.009671,0.81365,30.3752,3.8731,0.48439,467.018,1549.1932,4.1578,6.6122e-05,Heun
0,3.7613,0.76088,-0.80061,0.053981,0.00071992,0.0005635,0.00015642,0.94727,30.6731,0.0086483,0.0009547,467.018,1.9023,3.0022,2.3774e-05,Heun
0,164.4535,0.73322,-1.2618,0.033276,0.26322,0.25947,0.0037561,0.76485,21.7935,3.8374,0.57878,467.018,625.5821,3.8823,3.9168e-06,Heun
0,4.9219,0.73534,-0.92746,0.033573,0.0048976,0.0046042,0.00029339,0.94286,29.5197,0.068292,0.0078294,467.018,9.3815,3.2125,8.7221e-05,Heun
0,11.0509,0.98531,-1.0264,0.049476,0.01139,0.011049,0.00034106,0.95175,39.2964,0.2196,0.018939,467.018,44.1022,3.3977,5.4679e-05,Heun
0,3.7229,0.50102,-0.56869,0.026446,0.00034703,5.852e-05,0.00028851,0.92249,20.2049,0.0005914,9.9083e-05,467.018,0.065424,2.5968,7.5443e-05,Heun
0,3.1148,0.29649,-0.57101,0.078508,0.00010559,2.0315e-05,8.5278e-05,0.87594,11.9596,0.0001215,3.4386e-05,467.018,0.042017,2.5763,6.4796e-05,Heun
0,47.2674,0.66639,-1.1681,0.035361,0.090148,0.088935,0.0012122,0.88169,24.4599,1.1954,0.16363,467.018,182.983,3.6395,2.1704e-05,Heun
0,3.6524,0.41222,-0.7094,0.060805,0.00027695,0.00015511,0.00012184,0.90743,16.6253,0.0012897,0.00026265,467.018,0.33354,2.8212,1.85e-05,Heun
0,7.6407,0.4751,-1.0229,0.02989,0.017819,0.017436,0.00038352,0.90752,18.8249,0.16709,0.029947,467.018,21.1665,3.352,2.3236e-05,Heun
0,3.5399,0.90372,-0.66691,0.051538,0.00026692,0.00010604,0.00016088,0.95545,36.4481,0.0019329,0.00017954,467.018,0.40238,2.7884,6.4311e-05,Heun
0,3.1313,0.21801,-0.8279,0.046163,0.0010658,0.00093541,0.00013044,0.83794,8.7855,0.0041134,0.0015851,467.018,0.87459,2.9894,4.9386e-05,Heun
0,4.0032,0.34301,-0.61993,0.023196,0.00043163,0.00012885,0.00030277,0.89072,13.8318,0.00089152,0.00021814,467.018,0.089573,2.6642,6.4893e-05,Heun
0,52.341,0.57674,-1.1982,0.027592,0.16075,0.15899,0.0017598,0.82562,19.5265,1.8496,0.30868,467.018,229.6252,3.6904,1.1871e-05,Heun
0,94.7593,0.22688,-1.272,0.079301,0.13402,0.13341,0.00060776,0.76083,7.9262,0.61054,0.27709,467.018,260.9539,3.7768,2.232e-06,Heun
0,3.1047,0.72356,-0.7468,0.058691,0.00039957,0.00025976,0.00013981,0.94492,29.1779,0.0037912,0.00043991,467.018,0.90882,2.9103,2.9577e-05,Heun
0,6.0165,0.97492,-0.88608,0.042108,0.0023913,0.0021621,0.00022922,0.95718,39.2359,0.042517,0.0036687,467.018,7.2185,3.1572,2.5011e-05,Heun
0,3.1241,0.68877,-0.56788,0.057086,0.00016673,2.6829e-05,0.0001399,0.94246,27.7815,0.00037273,4.5423e-05,467.018,0.087134,2.6107,6.3211e-05,Heun
0,3.5078,0.41318,-0.8239,0.017042,0.0028509,0.0024043,0.00044668,0.906,16.6208,0.020037,0.0040782,467.018,1.4535,3.0116,2.2823e-05,Heun
0,30.1749,0.62171,-1.0873,0.052956,0.022679,0.022301,0.0003774,0.92219,24.5123,0.27967,0.038681,467.018,62.0678,3.4797,6.7502e-05,Heun
0,3.6265,0.7409,-0.6682,0.019729,0.00069198,0.00028154,0.00041044,0.94595,29.8685,0.0042075,0.0004768,467.018,0.33859,2.7808,5.157e-05,Heun
0,4.4946,0.25439,-0.92295,0.040961,0.0037339,0.0035646,0.00016934,0.85612,10.2244,0.018291,0.0060563,467.018,3.3773,3.1543,2.4812e-05,Heun
0,64.308,0.87551,-1.1951,0.051328,0.086669,0.085158,0.0015114,0.89709,32.2587,1.5039,0.15928,467.018,335.1237,3.7271,2.6438e-06,Heun
0,3.8999,0.20537,-0.9179,0.051035,0.0028045,0.0026839,0.00012059,0.82866,8.2618,0.011118,0.0045555,467.018,2.6424,3.1365,2.5199e-05,Heun
0,4.6826,0.81613,-0.69464,0.046283,0.00034654,0.00016857,0.00017798,0.95087,32.9126,0.002775,0.00028544,467.018,0.52127,2.8295,3.4267e-05,Heun
0,3.1909,0.22861,-0.83666,0.080134,0.00068038,0.00060305,7.7327e-05,0.84449,9.2163,0.0027808,0.0010218,467.018,1.0187,3.006,4.8897e-05,Heun
0,123.2121,0.32218,-1.3624,0.015109,0.87114,0.86863,0.0025071,0.17243,1.6748,5.6449,4.5948,467.018,776.3008,4.0232,3.3611e-07,Euler
0,36.1664,0.79074,-1.081,0.060806,0.018326,0.01796,0.00036655,0.93775,31.3153,0.28646,0.031063,467.018,71.9018,3.4828,2.179e-05,Heun
0,4.0223,0.8124,-0.79102,0.06913,0.0005117,0.00038905,0.00012265,0.95055,32.7569,0.0063753,0.00065907,467.018,1.7898,2.9895,2.2977e-05,Heun
0,6.0455,0.66097,-0.80386,0.032404,0.001234,0.0009784,0.00025564,0.93951,26.6317,0.013044,0.0016581,467.018,1.7362,3.0007,2.3283e-05,Heun
0,4.9188,0.71555,-0.92494,0.050075,0.0031856,0.0029913,0.0001943,0.94255,28.7748,0.043175,0.005082,467.018,8.8562,3.2069,2.8518e-05,Heun
0,5.782,0.95614,-0.87482,0.067511,0.0013075,0.0011677,0.00013979,0.95711,38.5219,0.02252,0.0019802,467.018,6.1335,3.1374,3.14e-05,Heun
0,3.9025,0.72956,-0.52587,0.081282,0.0001087,1.0986e-05,9.7717e-05,0.94554,29.4284,0.00016166,1.8598e-05,467.018,0.053633,2.5437,6.2983e-05,Heun
0,8.1698,0.53293,-1.0279,0.07211,0.0079199,0.0077456,0.00017431,0.92196,21.329,0.083262,0.013247,467.018,25.1915,3.3668,2.6388e-05,Heun
0,3.0533,0.69077,-0.74651,0.014983,0.0015561,0.001013,0.00054314,0.94173,27.8235,0.014115,0.0017166,467.018,0.86627,2.9075,3.527e-05,Heun
0,3.6438,0.41182,-0.64111,0.012911,0.00087402,0.00030378,0.00057025,0.90697,16.5992,0.0025234,0.0005145,467.018,0.13858,2.7078,6.5746e-05,Heun
0,40.3624,0.71644,-1.0596,0.022657,0.037185,0.036417,0.00076793,0.92058,27.8278,0.52627,0.063363,467.018,49.4705,3.4379,3.8409e-05,Heun
0,33.2149,0.71785,-1.1579,0.059099,0.048628,0.047904,0.00072414,0.91316,27.5511,0.69363,0.085777,467.018,174.351,3.6251,5.4027e-05,Heun
0,49.3062,0.99496,-1.1872,0.058693,0.069605,0.068211,0.0013941,0.91367,37.3448,1.369,0.12592,467.018,344.3463,3.7224,1.0347e-06,Heun
0,3.4513,0.25087,-0.55897,0.044039,0.00017369,3.1026e-05,0.00014267,0.85659,10.1189,0.000157,5.2515e-05,467.018,0.031144,2.5489,6.5015e-05,Heun
0,7.3657,0.8108,-0.95921,0.012373,0.019516,0.018636,0.0008802,0.93816,32.0709,0.30478,0.031943,467.018,15.402,3.2709,6.2075e-05,Heun
0,62.7434,0.97819,-1.3603,0.067557,0.31238,0.28111,0.031275,0.74113,27.1347,5.5466,1.0101,467.018,2848.0131,4.4902,4.9151e-05,Heun
0,74.7164,0.27506,-1.2389,0.073694,0.10132,0.10075,0.00057041,0.80438,9.972,0.55896,0.19486,467.018,202.9418,3.7195,7.509e-07,Heun
0,3.8662,0.58788,-0.58427,0.014031,0.00069309,0.00013471,0.00055838,0.93293,23.6998,0.0015974,0.00022813,467.018,0.092694,2.6303,8.354e-05,Heun
0,83.76,0.61604,-1.3508,0.028121,0.58772,0.58087,0.0068512,0.49269,10.246,7.218,2.1504,467.018,1433.5845,4.1709,4.8333e-05,Heun
0,4.0365,0.40972,-0.66956,0.066919,0.00019424,8.4485e-05,0.00010976,0.90697,16.5255,0.00069821,0.00014305,467.018,0.19883,2.7548,3.1601e-05,Heun
0,19.2731,0.55392,-1.049,0.04015,0.018467,0.018111,0.00035582,0.91777,21.9335,0.20235,0.03119,467.018,34.1166,3.4052,9.2082e-05,Heun
0,4.323,0.51577,-0.8435,0.035072,0.0017341,0.0015032,0.00023089,0.92365,20.7708,0.015639,0.0025491,467.018,2.2918,3.0547,6.9741e-05,Heun
0,4.0472,0.21566,-0.74247,0.022866,0.00088735,0.00063058,0.00025678,0.83657,8.6925,0.0027431,0.0010681,467.018,0.28927,2.847,1.7216e-05,Heun
0,3.7908,0.35764,-0.72516,0.079308,0.00023573,0.00014562,9.0113e-05,0.89484,14.4246,0.0010505,0.00024654,467.018,0.35929,2.8408,5.3464e-05,Heun
0,5.9404,0.51295,-0.51878,0.045679,0.00018558,1.7848e-05,0.00016773,0.92426,20.6893,0.00018466,3.0215e-05,467.018,0.03522,2.515,6.3672e-05,Heun
0,27.8228,0.80406,-1.0754,0.080514,0.012931,0.012663,0.00026805,0.94204,32.0178,0.20538,0.021841,467.018,68.1336,3.4738,2.8683e-05,Heun
0,5.078,0.95944,-0.77473,0.044295,0.00068596,0.00049258,0.00019339,0.95765,38.6791,0.0095328,0.00083442,467.018,1.7017,2.9706,2.2081e-05,Heun
0,2.8909,0.8668,-0.73483,0.050225,0.00042645,0.00026038,0.00016607,0.95355,34.9534,0.0045526,0.00044081,467.018,0.92514,2.8992,5.655e-05,Heun
0,5.7476,0.9919,-0.80361,0.048463,0.00083304,0.00065225,0.00018079,0.95887,39.9816,0.01305,0.0011052,467.018,2.5458,3.0203,4.5488e-05,Heun
0,3.9465,0.3238,-0.83788,0.03116,0.0018043,0.0015747,0.00022957,0.88415,13.0392,0.010285,0.0026696,467.018,1.3984,3.0236,2.5298e-05,Heun
0,31.6755,0.86047,-1.0861,0.048875,0.024271,0.023768,0.00050247,0.93774,33.8703,0.41253,0.041264,467.018,83.0381,3.4975,1.164e-05,Heun
0,3.2359,0.27196,-0.62944,0.0095839,0.0010308,0.00035231,0.00067854,0.86569,10.9601,0.0019326,0.00059658,467.018,0.082518,2.6695,6.5707e-05,Heun
0,3.0199,0.59614,-0.64695,0.027596,0.00043877,0.00015321,0.00028556,0.93395,24.0389,0.0018424,0.00025946,467.018,0.21008,2.735,6.4235e-05,Heun
0,3.6514,0.24398,-0.67392,0.029242,0.0004168,0.00020449,0.00021231,0.85298,9.8385,0.0010063,0.00034621,467.018,0.13311,2.7385,3.7278e-05,Heun
